section,claim_or_quantity,value,units_or_scale,serotype,chain,domain,source_file,source_columns,code_or_query,manuscript_status,suggested_wording
Part A - verified manuscript claims,"Per-serotype median residue-level rho, DENV1-DENV4",0.515 / 0.535 / 0.558 / 0.528,,,,,/Users/medhasharma/Downloads/forcodexstride/strideouts/outputs_s7/T1_per_serotype_summary.parquet,serotype;rho_residue_median,,confirmed,"Per-serotype median residue-level ρ was 0.515, 0.535, 0.558 and 0.528 for DENV1-DENV4."
Part A - verified manuscript claims,n_loci range,199-247,,,,,/Users/medhasharma/Downloads/forcodexstride/strideouts/outputs_s7/T1_per_serotype_summary.parquet,n_loci,,confirmed,The four serotypes contributed 199-247 analysable loci.
Part A - verified manuscript claims,n_gated_residue range,106-145,,,,,/Users/medhasharma/Downloads/forcodexstride/strideouts/outputs_s7/T1_per_serotype_summary.parquet,n_gated_residue,,confirmed,"At the provisional gate, 106-145 loci gated at residue resolution."
Part A - verified manuscript claims,frac_mixed range,0.612-0.704,,,,,/Users/medhasharma/Downloads/forcodexstride/strideouts/outputs_s7/T1_per_serotype_summary.parquet,frac_mixed,,confirmed,The mixed-mechanism fraction ranged from 0.612 to 0.704.
Part A - verified manuscript claims,Catalytic Triad domain rho range and mean,0.361739-0.778074; mean 0.525675,,,,Catalytic Triad,/Users/medhasharma/Downloads/forcodexstride/strideouts/outputs_s2/domain_reproducibility.parquet,serotype;chain;domain;rho_domain,,confirmed,Catalytic Triad domain ρ spans 0.36-0.78 (mean 0.53).
Part A - verified manuscript claims,Catalytic Triad coherence range,0.572132-0.965314,,,,Catalytic Triad,/Users/medhasharma/Downloads/forcodexstride/strideouts/outputs_s2/domain_reproducibility.parquet,serotype;chain;domain;coherence_domain,,confirmed,Catalytic Triad coherence spans 0.57-0.97.
Part A - verified manuscript claims,Oxyanion Loop domain rho range and mean,0.564845-0.893744; mean 0.680494,,,,Oxyanion Loop,/Users/medhasharma/Downloads/forcodexstride/strideouts/outputs_s2/domain_reproducibility.parquet,serotype;chain;domain;rho_domain,,confirmed,Oxyanion Loop domain ρ spans 0.56-0.89 (mean 0.68).
Part A - verified manuscript claims,Oxyanion Loop coherence range,0.712102-0.888879,,,,Oxyanion Loop,/Users/medhasharma/Downloads/forcodexstride/strideouts/outputs_s2/domain_reproducibility.parquet,serotype;chain;domain;coherence_domain,,confirmed,Oxyanion Loop coherence spans 0.71-0.89.
Part A - verified manuscript claims,Unassigned NS3 domain rho range and mean,0.903487-0.978050; mean 0.958117,,,,Unassigned NS3,/Users/medhasharma/Downloads/forcodexstride/strideouts/outputs_s2/domain_reproducibility.parquet,serotype;chain;domain;rho_domain,,confirmed,Unassigned NS3 domain ρ spans 0.90-0.98 (mean 0.96).
Part A - signed effects,"FDR-significant signed loci, per-locus significance_screen",152,,,,,/Users/medhasharma/Downloads/forcodexstride/strideouts/outputs_s4/significance_screen.parquet,domain;is_signed;significant_fdr,,confirmed,Figure 4 should use the per-locus FDR denominator: 152/924 loci are FDR-significant; 14/152 (9.2%) are in Catalytic Triad or Oxyanion Loop.
Part A - signed effects,Catalytic Triad FDR-significant loci,3,,,,,/Users/medhasharma/Downloads/forcodexstride/strideouts/outputs_s4/significance_screen.parquet,domain;is_signed;significant_fdr,,confirmed,
Part A - signed effects,Oxyanion Loop FDR-significant loci,11,,,,,/Users/medhasharma/Downloads/forcodexstride/strideouts/outputs_s4/significance_screen.parquet,domain;is_signed;significant_fdr,,confirmed,
Part A - signed effects,Catalytic Triad + Oxyanion Loop FDR-significant loci,14,,,,,/Users/medhasharma/Downloads/forcodexstride/strideouts/outputs_s4/significance_screen.parquet,domain;is_signed;significant_fdr,,confirmed,
Part A - signed effects,Provisional signed-screen pass count at rho*=0.5,181,,,,,/Users/medhasharma/Downloads/forcodexstride/strideouts/outputs_s2/signed_screen.parquet,rho_star;passes_screen,,denominator clarification,Do not mix this 181-count provisional/CI screen with the Figure 4 FDR-controlled count of 152.
Part A - cross-serotype,Conservation class counts for 0-4 reproducing serotypes,0:18; 1:49; 2:100; 3:63; 4:18,,,,,/Users/medhasharma/Downloads/forcodexstride/strideouts/outputs_s5/position_conservation.parquet,n_serotypes_reproducible,,confirmed,"Conservation classes contain 18, 49, 100, 63 and 18 positions for 0-4 reproducing serotypes."
Part A - cross-serotype,Positions reproducible in all four serotypes,18,,,,,/Users/medhasharma/Downloads/forcodexstride/strideouts/outputs_s5/position_conservation.parquet,n_serotypes_reproducible,,confirmed,There are 18 all-four-serotype reproducible positions; 0 are catalytic triad residues.
Part A - cross-serotype,Median rho by conservation class 0-4,0:0.339228; 1:0.394903; 2:0.529495; 3:0.625276; 4:0.743645,,,,,/Users/medhasharma/Downloads/forcodexstride/strideouts/outputs_s5/position_conservation.parquet,n_serotypes_reproducible;rho_residue_median,,confirmed,"Median residue-level ρ increases monotonically by conservation class: 0.339, 0.395, 0.529, 0.625, 0.744."
Part A - variance,Median frac_tau2,0.925196,,,,,/Users/medhasharma/Downloads/forcodexstride/strideouts/outputs_s4/variance_budget.parquet,frac_tau2,,confirmed,"Across domain-by-serotype entries, median frac_tau2 is 0.925."
Part A - variance,Variance regimes,replicate_dominated:28; sampling_dominated:2; balanced:2,,,,,/Users/medhasharma/Downloads/forcodexstride/strideouts/outputs_s4/variance_budget.parquet,variance_regime,,wrong in manuscript if stated as 29/32,"Use 28 replicate-dominated, 2 balanced and 2 sampling-dominated. If emphasizing non-replicate-dominated entries, list all four."
Part A - variance exceptions,Non-replicate-dominated variance-budget entry,frac_tau2=0.594397; frac_sigma2=0.405603; regime=balanced,,DENV1,NS3,Gly45 Turn,/Users/medhasharma/Downloads/forcodexstride/strideouts/outputs_s4/variance_budget.parquet,serotype;chain;domain;frac_tau2;frac_sigma2;variance_regime,,needs manuscript edit,
Part A - variance exceptions,Non-replicate-dominated variance-budget entry,frac_tau2=0.424890; frac_sigma2=0.575110; regime=balanced,,DENV3,NS3,Gly45 Turn,/Users/medhasharma/Downloads/forcodexstride/strideouts/outputs_s4/variance_budget.parquet,serotype;chain;domain;frac_tau2;frac_sigma2;variance_regime,,needs manuscript edit,
Part A - variance exceptions,Non-replicate-dominated variance-budget entry,frac_tau2=0.361399; frac_sigma2=0.638601; regime=sampling_dominated,,DENV1,NS3,120s Loop,/Users/medhasharma/Downloads/forcodexstride/strideouts/outputs_s4/variance_budget.parquet,serotype;chain;domain;frac_tau2;frac_sigma2;variance_regime,,needs manuscript edit,
Part A - variance exceptions,Non-replicate-dominated variance-budget entry,frac_tau2=0.357927; frac_sigma2=0.642073; regime=sampling_dominated,,DENV4,NS3,B2b-C2 Hairpin,/Users/medhasharma/Downloads/forcodexstride/strideouts/outputs_s4/variance_budget.parquet,serotype;chain;domain;frac_tau2;frac_sigma2;variance_regime,,needs manuscript edit,
Part A - variance,Catalytic Triad frac_tau2 range,0.834047-0.967589,,,,Catalytic Triad,/Users/medhasharma/Downloads/forcodexstride/strideouts/outputs_s4/variance_budget.parquet,domain;frac_tau2,,confirmed,
Part A - variance,Oxyanion Loop frac_tau2 range,0.702581-0.981036,,,,Oxyanion Loop,/Users/medhasharma/Downloads/forcodexstride/strideouts/outputs_s4/variance_budget.parquet,domain;frac_tau2,,confirmed,
Part A - variance,Overall frac_tau2 range,0.357927-0.994411,,,,,/Users/medhasharma/Downloads/forcodexstride/strideouts/outputs_s4/variance_budget.parquet,frac_tau2,,new,
Part A - hierarchy,Provisional gated-scale categories in S7 Figure 2,"chain, residue, secondary_structure",,,,,/Users/medhasharma/Downloads/forcodexstride/strideouts/outputs_s7/F2_resolution_census.parquet,gated_scale_level;n_loci,,confirmed,"At rho*=0.5, the census contains residue, secondary_structure and chain; domain is absent."
Part A - hierarchy,Mean rho gain from residue to secondary_structure,0.369464,,,,,/Users/medhasharma/Downloads/forcodexstride/strideouts/outputs_s3/scale_curve.parquet,scale_level;rho,,confirmed,Mean ρ rises from 0.527 at residue to 0.897 at secondary_structure; motif and domain have the same summary values.
Part A - provenance,Provisional rho* value,0.500000,,,,,/Users/medhasharma/Downloads/forcodexstride/strideouts/outputs_s2/reduction_summary.json,provenance.provisional_rho_star,,confirmed,
Part A - provenance,Replicates per serotype,3 / 3 / 3 / 3,,,,,/Users/medhasharma/Downloads/forcodexstride/strideouts/outputs_s6/replicate_regime.parquet,serotype;n_replicates,,confirmed,Each serotype has K=3 independent replicate runs.
Part A - provenance,Serotypes present,"DENV1, DENV2, DENV3, DENV4",,,,,/Users/medhasharma/Downloads/forcodexstride/strideouts/outputs_s7/report_summary.json,serotypes,,confirmed,
Part A - provenance,S7 manifest artifacts,13 artifacts (8 figures; 5 tables),,,,,/Users/medhasharma/Downloads/forcodexstride/strideouts/outputs_s7/artifact_manifest.parquet,artifact_id;kind,,confirmed,
Part B - dataset,Number of serotypes,4,,,,,/Users/medhasharma/Downloads/forcodexstride/strideouts/outputs_s7/report_summary.json,facts.n_serotypes,,new,
Part B - dataset,Total replicate runs,12,,,,,/Users/medhasharma/Downloads/forcodexstride/strideouts/outputs_s6/replicate_regime.parquet,n_replicates,,new,
Part B - dataset,Replicate table rows,2772,,,,,/Users/medhasharma/Downloads/forcodexstride/strideouts/outputs/schema_report.json,replicate_table_rows,,new,
Part B - dataset,Canonical serotype-residue rows,924,,,,,/Users/medhasharma/Downloads/forcodexstride/strideouts/outputs_s1a/dataset_summary.json,n_canonical_residues,,new,
Part B - dataset,Union residue positions,248,,,,,/Users/medhasharma/Downloads/forcodexstride/strideouts/outputs_s1a/dataset_summary.json,n_union_residues,,new,
Part B - dataset,Positions present in all serotypes,199,,,,,/Users/medhasharma/Downloads/forcodexstride/strideouts/outputs_s1a/dataset_summary.json,n_conserved_all_serotypes,,new,
Part B - dataset,Union positions by chain,62,,,NS2B,,/Users/medhasharma/Downloads/forcodexstride/strideouts/outputs_s1a/conservation_table.parquet,chain;canon_label,,new,
Part B - dataset,Union positions by chain,186,,,NS3,,/Users/medhasharma/Downloads/forcodexstride/strideouts/outputs_s1a/conservation_table.parquet,chain;canon_label,,new,
Part B - dataset,Domain-by-serotype entries,32,,,,,/Users/medhasharma/Downloads/forcodexstride/strideouts/outputs_s5/domain_serotype_matrix.parquet,serotype;chain;domain,,new,
Part B - dataset,Cross-serotype position table rows,248,,,,,/Users/medhasharma/Downloads/forcodexstride/strideouts/outputs_s5/position_conservation.parquet,canon_label,,new,
Part B - dataset,Signed mechanisms in per-locus FDR screen,302,,,,,/Users/medhasharma/Downloads/forcodexstride/strideouts/outputs_s4/significance_screen.parquet,is_signed,,new,
Part B - dataset,Mixed mechanisms at provisional rho*,622,,,,,/Users/medhasharma/Downloads/forcodexstride/strideouts/outputs_s7/T1_per_serotype_summary.parquet,n_mixed,,new,
Part B - reproducibility landscape,Residue rho median/IQR/min/max per serotype,median=0.515360; IQR=0.366672-0.731756; min=0.027882; max=0.931291,,DENV1,,,/Users/medhasharma/Downloads/forcodexstride/strideouts/outputs_s7/T1_per_serotype_summary.parquet,serotype;rho_residue_median;rho_residue_q1;rho_residue_q3;rho_residue_min;rho_residue_max,,new,
Part B - reproducibility landscape,Residue rho median/IQR/min/max per serotype,median=0.535456; IQR=0.377356-0.691120; min=0.045254; max=0.936479,,DENV2,,,/Users/medhasharma/Downloads/forcodexstride/strideouts/outputs_s7/T1_per_serotype_summary.parquet,serotype;rho_residue_median;rho_residue_q1;rho_residue_q3;rho_residue_min;rho_residue_max,,new,
Part B - reproducibility landscape,Residue rho median/IQR/min/max per serotype,median=0.557931; IQR=0.387199-0.706193; min=0.014470; max=0.918317,,DENV3,,,/Users/medhasharma/Downloads/forcodexstride/strideouts/outputs_s7/T1_per_serotype_summary.parquet,serotype;rho_residue_median;rho_residue_q1;rho_residue_q3;rho_residue_min;rho_residue_max,,new,
Part B - reproducibility landscape,Residue rho median/IQR/min/max per serotype,median=0.528394; IQR=0.315277-0.702025; min=0.015095; max=0.916175,,DENV4,,,/Users/medhasharma/Downloads/forcodexstride/strideouts/outputs_s7/T1_per_serotype_summary.parquet,serotype;rho_residue_median;rho_residue_q1;rho_residue_q3;rho_residue_min;rho_residue_max,,new,
Part B - reproducibility landscape,All residue-level rho distribution,median=0.536578; IQR=0.367570-0.709837; min=0.014470; max=0.936479,,,,,/Users/medhasharma/Downloads/forcodexstride/strideouts/outputs_s2/residue_landscape.parquet,rho_residue,,new,
Part B - reproducibility landscape,Residue-level rho by chain,n=203; median=0.558581; mean=0.547774,,,NS2B,,/Users/medhasharma/Downloads/forcodexstride/strideouts/outputs_s2/residue_landscape.parquet,chain;rho_residue,,new,
Part B - reproducibility landscape,Residue-level rho by chain,n=721; median=0.526973; mean=0.521322,,,NS3,,/Users/medhasharma/Downloads/forcodexstride/strideouts/outputs_s2/residue_landscape.parquet,chain;rho_residue,,new,
Part B - reproducibility landscape,Top 10 median-rho positions rank 1,0.807665,,,NS2B,unassigned,/Users/medhasharma/Downloads/forcodexstride/strideouts/outputs_s2/residue_landscape.parquet,canon_label;chain;domain;rho_residue,,new,"NS2B:-37 (NS2B, unassigned) median ρ=0.808."
Part B - reproducibility landscape,Top 10 median-rho positions rank 2,0.804735,,,NS2B,unassigned,/Users/medhasharma/Downloads/forcodexstride/strideouts/outputs_s2/residue_landscape.parquet,canon_label;chain;domain;rho_residue,,new,"NS2B:-14 (NS2B, unassigned) median ρ=0.805."
Part B - reproducibility landscape,Top 10 median-rho positions rank 3,0.800695,,,NS2B,unassigned,/Users/medhasharma/Downloads/forcodexstride/strideouts/outputs_s2/residue_landscape.parquet,canon_label;chain;domain;rho_residue,,new,"NS2B:-53 (NS2B, unassigned) median ρ=0.801."
Part B - reproducibility landscape,Top 10 median-rho positions rank 4,0.794227,,,NS3,unassigned,/Users/medhasharma/Downloads/forcodexstride/strideouts/outputs_s2/residue_landscape.parquet,canon_label;chain;domain;rho_residue,,new,"NS3:94 (NS3, unassigned) median ρ=0.794."
Part B - reproducibility landscape,Top 10 median-rho positions rank 5,0.788642,,,NS3,unassigned,/Users/medhasharma/Downloads/forcodexstride/strideouts/outputs_s2/residue_landscape.parquet,canon_label;chain;domain;rho_residue,,new,"NS3:85 (NS3, unassigned) median ρ=0.789."
Part B - reproducibility landscape,Top 10 median-rho positions rank 6,0.788489,,,NS3,unassigned,/Users/medhasharma/Downloads/forcodexstride/strideouts/outputs_s2/residue_landscape.parquet,canon_label;chain;domain;rho_residue,,new,"NS3:72 (NS3, unassigned) median ρ=0.788."
Part B - reproducibility landscape,Top 10 median-rho positions rank 7,0.776952,,,NS2B,unassigned,/Users/medhasharma/Downloads/forcodexstride/strideouts/outputs_s2/residue_landscape.parquet,canon_label;chain;domain;rho_residue,,new,"NS2B:-34 (NS2B, unassigned) median ρ=0.777."
Part B - reproducibility landscape,Top 10 median-rho positions rank 8,0.771833,,,NS3,unassigned,/Users/medhasharma/Downloads/forcodexstride/strideouts/outputs_s2/residue_landscape.parquet,canon_label;chain;domain;rho_residue,,new,"NS3:130 (NS3, unassigned) median ρ=0.772."
Part B - reproducibility landscape,Top 10 median-rho positions rank 9,0.770564,,,NS3,Gly45 Turn,/Users/medhasharma/Downloads/forcodexstride/strideouts/outputs_s2/residue_landscape.parquet,canon_label;chain;domain;rho_residue,,new,"NS3:47 (NS3, Gly45 Turn) median ρ=0.771."
Part B - reproducibility landscape,Top 10 median-rho positions rank 10,0.770474,,,NS2B,unassigned,/Users/medhasharma/Downloads/forcodexstride/strideouts/outputs_s2/residue_landscape.parquet,canon_label;chain;domain;rho_residue,,new,"NS2B:-24 (NS2B, unassigned) median ρ=0.770."
Part B - reproducibility landscape,Bottom 10 median-rho positions rank 1,0.175593,,,NS3,unassigned,/Users/medhasharma/Downloads/forcodexstride/strideouts/outputs_s2/residue_landscape.parquet,canon_label;chain;domain;rho_residue,,new,"NS3:58 (NS3, unassigned) median ρ=0.176."
Part B - reproducibility landscape,Bottom 10 median-rho positions rank 2,0.189820,,,NS3,C-Terminal Tail,/Users/medhasharma/Downloads/forcodexstride/strideouts/outputs_s2/residue_landscape.parquet,canon_label;chain;domain;rho_residue,,new,"NS3:174 (NS3, C-Terminal Tail) median ρ=0.190."
Part B - reproducibility landscape,Bottom 10 median-rho positions rank 3,0.206606,,,NS3,unassigned,/Users/medhasharma/Downloads/forcodexstride/strideouts/outputs_s2/residue_landscape.parquet,canon_label;chain;domain;rho_residue,,new,"NS3:66 (NS3, unassigned) median ρ=0.207."
Part B - reproducibility landscape,Bottom 10 median-rho positions rank 4,0.229513,,,NS3,unassigned,/Users/medhasharma/Downloads/forcodexstride/strideouts/outputs_s2/residue_landscape.parquet,canon_label;chain;domain;rho_residue,,new,"NS3:90 (NS3, unassigned) median ρ=0.230."
Part B - reproducibility landscape,Bottom 10 median-rho positions rank 5,0.234285,,,NS2B,unassigned,/Users/medhasharma/Downloads/forcodexstride/strideouts/outputs_s2/residue_landscape.parquet,canon_label;chain;domain;rho_residue,,new,"NS2B:-3 (NS2B, unassigned) median ρ=0.234."
Part B - reproducibility landscape,Bottom 10 median-rho positions rank 6,0.245063,,,NS2B,unassigned,/Users/medhasharma/Downloads/forcodexstride/strideouts/outputs_s2/residue_landscape.parquet,canon_label;chain;domain;rho_residue,,new,"NS2B:-40 (NS2B, unassigned) median ρ=0.245."
Part B - reproducibility landscape,Bottom 10 median-rho positions rank 7,0.245644,,,NS3,C-Terminal Tail,/Users/medhasharma/Downloads/forcodexstride/strideouts/outputs_s2/residue_landscape.parquet,canon_label;chain;domain;rho_residue,,new,"NS3:177 (NS3, C-Terminal Tail) median ρ=0.246."
Part B - reproducibility landscape,Bottom 10 median-rho positions rank 8,0.251692,,,NS3,C-Terminal Tail,/Users/medhasharma/Downloads/forcodexstride/strideouts/outputs_s2/residue_landscape.parquet,canon_label;chain;domain;rho_residue,,new,"NS3:176 (NS3, C-Terminal Tail) median ρ=0.252."
Part B - reproducibility landscape,Bottom 10 median-rho positions rank 9,0.252105,,,NS3,Gly45 Turn,/Users/medhasharma/Downloads/forcodexstride/strideouts/outputs_s2/residue_landscape.parquet,canon_label;chain;domain;rho_residue,,new,"NS3:46 (NS3, Gly45 Turn) median ρ=0.252."
Part B - reproducibility landscape,Bottom 10 median-rho positions rank 10,0.254980,,,NS3,C-Terminal Tail,/Users/medhasharma/Downloads/forcodexstride/strideouts/outputs_s2/residue_landscape.parquet,canon_label;chain;domain;rho_residue,,new,"NS3:168 (NS3, C-Terminal Tail) median ρ=0.255."
Part B - reproducibility landscape,Catalytic triad residue-level rho,n_serotypes_reproducible=2; min=0.163125; median=0.434066; max=0.703892,,,NS3,Catalytic Triad,/Users/medhasharma/Downloads/forcodexstride/strideouts/outputs_s5/position_conservation.parquet,canon_label;is_catalytic_triad;n_serotypes_reproducible;rho_residue_min;rho_residue_median;rho_residue_max,NS3:135,new,
Part B - reproducibility landscape,Catalytic triad residue-level rho,n_serotypes_reproducible=3; min=0.451718; median=0.650675; max=0.749785,,,NS3,Catalytic Triad,/Users/medhasharma/Downloads/forcodexstride/strideouts/outputs_s5/position_conservation.parquet,canon_label;is_catalytic_triad;n_serotypes_reproducible;rho_residue_min;rho_residue_median;rho_residue_max,NS3:51,new,
Part B - reproducibility landscape,Catalytic triad residue-level rho,n_serotypes_reproducible=1; min=0.083113; median=0.299421; max=0.652350,,,NS3,Catalytic Triad,/Users/medhasharma/Downloads/forcodexstride/strideouts/outputs_s5/position_conservation.parquet,canon_label;is_catalytic_triad;n_serotypes_reproducible;rho_residue_min;rho_residue_median;rho_residue_max,NS3:75,new,
Part B - spatial hierarchy,rho summary by scale,n=924; mean=0.946940; median=0.972599; min=0.645353; max=0.989915,,,,,/Users/medhasharma/Downloads/forcodexstride/strideouts/outputs_s3/scale_curve.parquet,scale_level;rho,chain,new,
Part B - spatial hierarchy,rho summary by scale,n=924; mean=0.963077; median=0.992950; min=0.863109; max=0.993497,,,,,/Users/medhasharma/Downloads/forcodexstride/strideouts/outputs_s3/scale_curve.parquet,scale_level;rho,complex,new,
Part B - spatial hierarchy,rho summary by scale,n=924; mean=0.896597; median=0.974523; min=0.343603; max=0.979307,,,,,/Users/medhasharma/Downloads/forcodexstride/strideouts/outputs_s3/scale_curve.parquet,scale_level;rho,domain,new,
Part B - spatial hierarchy,rho summary by scale,n=924; mean=0.896597; median=0.974523; min=0.343603; max=0.979307,,,,,/Users/medhasharma/Downloads/forcodexstride/strideouts/outputs_s3/scale_curve.parquet,scale_level;rho,motif,new,
Part B - spatial hierarchy,rho summary by scale,n=924; mean=0.963077; median=0.992950; min=0.863109; max=0.993497,,,,,/Users/medhasharma/Downloads/forcodexstride/strideouts/outputs_s3/scale_curve.parquet,scale_level;rho,protein,new,
Part B - spatial hierarchy,rho summary by scale,n=924; mean=0.527133; median=0.536578; min=0.014470; max=0.936479,,,,,/Users/medhasharma/Downloads/forcodexstride/strideouts/outputs_s3/scale_curve.parquet,scale_level;rho,residue,new,
Part B - spatial hierarchy,rho summary by scale,n=924; mean=0.896597; median=0.974523; min=0.343603; max=0.979307,,,,,/Users/medhasharma/Downloads/forcodexstride/strideouts/outputs_s3/scale_curve.parquet,scale_level;rho,secondary_structure,new,
Part B - spatial hierarchy,Provisional gated-scale count by serotype,122,,DENV1,,,/Users/medhasharma/Downloads/forcodexstride/strideouts/outputs_s7/F2_resolution_census.parquet,serotype;gated_scale_level;n_loci,residue,new,
Part B - spatial hierarchy,Provisional gated-scale count by serotype,114,,DENV1,,,/Users/medhasharma/Downloads/forcodexstride/strideouts/outputs_s7/F2_resolution_census.parquet,serotype;gated_scale_level;n_loci,secondary_structure,new,
Part B - spatial hierarchy,Provisional gated-scale count by serotype,137,,DENV2,,,/Users/medhasharma/Downloads/forcodexstride/strideouts/outputs_s7/F2_resolution_census.parquet,serotype;gated_scale_level;n_loci,residue,new,
Part B - spatial hierarchy,Provisional gated-scale count by serotype,105,,DENV2,,,/Users/medhasharma/Downloads/forcodexstride/strideouts/outputs_s7/F2_resolution_census.parquet,serotype;gated_scale_level;n_loci,secondary_structure,new,
Part B - spatial hierarchy,Provisional gated-scale count by serotype,5,,DENV2,,,/Users/medhasharma/Downloads/forcodexstride/strideouts/outputs_s7/F2_resolution_census.parquet,serotype;gated_scale_level;n_loci,chain,new,
Part B - spatial hierarchy,Provisional gated-scale count by serotype,145,,DENV3,,,/Users/medhasharma/Downloads/forcodexstride/strideouts/outputs_s7/F2_resolution_census.parquet,serotype;gated_scale_level;n_loci,residue,new,
Part B - spatial hierarchy,Provisional gated-scale count by serotype,94,,DENV3,,,/Users/medhasharma/Downloads/forcodexstride/strideouts/outputs_s7/F2_resolution_census.parquet,serotype;gated_scale_level;n_loci,secondary_structure,new,
Part B - spatial hierarchy,Provisional gated-scale count by serotype,3,,DENV3,,,/Users/medhasharma/Downloads/forcodexstride/strideouts/outputs_s7/F2_resolution_census.parquet,serotype;gated_scale_level;n_loci,chain,new,
Part B - spatial hierarchy,Provisional gated-scale count by serotype,106,,DENV4,,,/Users/medhasharma/Downloads/forcodexstride/strideouts/outputs_s7/F2_resolution_census.parquet,serotype;gated_scale_level;n_loci,residue,new,
Part B - spatial hierarchy,Provisional gated-scale count by serotype,86,,DENV4,,,/Users/medhasharma/Downloads/forcodexstride/strideouts/outputs_s7/F2_resolution_census.parquet,serotype;gated_scale_level;n_loci,secondary_structure,new,
Part B - spatial hierarchy,Provisional gated-scale count by serotype,7,,DENV4,,,/Users/medhasharma/Downloads/forcodexstride/strideouts/outputs_s7/F2_resolution_census.parquet,serotype;gated_scale_level;n_loci,chain,new,
Part B - spatial hierarchy,Catalytic-region rho by scale,n=44; mean=0.962869; median=0.980023; min=0.901516; max=0.989915,,,,,/Users/medhasharma/Downloads/forcodexstride/strideouts/outputs_s7/F7_rho_vs_scale_catalytic.parquet,scale_level;rho,chain,new,
Part B - spatial hierarchy,Catalytic-region rho by scale,n=44; mean=0.958671; median=0.989038; min=0.863109; max=0.993497,,,,,/Users/medhasharma/Downloads/forcodexstride/strideouts/outputs_s7/F7_rho_vs_scale_catalytic.parquet,scale_level;rho,complex,new,
Part B - spatial hierarchy,Catalytic-region rho by scale,n=44; mean=0.638270; median=0.622595; min=0.361739; max=0.893744,,,,,/Users/medhasharma/Downloads/forcodexstride/strideouts/outputs_s7/F7_rho_vs_scale_catalytic.parquet,scale_level;rho,domain,new,
Part B - spatial hierarchy,Catalytic-region rho by scale,n=44; mean=0.638270; median=0.622595; min=0.361739; max=0.893744,,,,,/Users/medhasharma/Downloads/forcodexstride/strideouts/outputs_s7/F7_rho_vs_scale_catalytic.parquet,scale_level;rho,motif,new,
Part B - spatial hierarchy,Catalytic-region rho by scale,n=44; mean=0.958671; median=0.989038; min=0.863109; max=0.993497,,,,,/Users/medhasharma/Downloads/forcodexstride/strideouts/outputs_s7/F7_rho_vs_scale_catalytic.parquet,scale_level;rho,protein,new,
Part B - spatial hierarchy,Catalytic-region rho by scale,n=44; mean=0.486439; median=0.478670; min=0.083113; max=0.809146,,,,,/Users/medhasharma/Downloads/forcodexstride/strideouts/outputs_s7/F7_rho_vs_scale_catalytic.parquet,scale_level;rho,residue,new,
Part B - spatial hierarchy,Catalytic-region rho by scale,n=44; mean=0.638270; median=0.622595; min=0.361739; max=0.893744,,,,,/Users/medhasharma/Downloads/forcodexstride/strideouts/outputs_s7/F7_rho_vs_scale_catalytic.parquet,scale_level;rho,secondary_structure,new,
Part B - domain analysis,Domain mean-rho rank 1,mean_rho=0.958117; range=0.903487-0.978050; mean_coherence=0.234049,,,NS3,unassigned,/Users/medhasharma/Downloads/forcodexstride/strideouts/outputs_s2/domain_reproducibility.parquet,chain;domain;rho_domain;coherence_domain,,new,
Part B - domain analysis,Domain mean-rho rank 2,mean_rho=0.884862; range=0.768328-0.979307; mean_coherence=0.660576,,,NS3,Gly45 Turn,/Users/medhasharma/Downloads/forcodexstride/strideouts/outputs_s2/domain_reproducibility.parquet,chain;domain;rho_domain;coherence_domain,,new,
Part B - domain analysis,Domain mean-rho rank 3,mean_rho=0.854488; range=0.645353-0.978053; mean_coherence=0.457311,,,NS2B,unassigned,/Users/medhasharma/Downloads/forcodexstride/strideouts/outputs_s2/domain_reproducibility.parquet,chain;domain;rho_domain;coherence_domain,,new,
Part B - domain analysis,Domain mean-rho rank 4,mean_rho=0.776613; range=0.517239-0.971707; mean_coherence=0.931834,,,NS3,120s Loop,/Users/medhasharma/Downloads/forcodexstride/strideouts/outputs_s2/domain_reproducibility.parquet,chain;domain;rho_domain;coherence_domain,,new,
Part B - domain analysis,Domain mean-rho rank 5,mean_rho=0.713177; range=0.495194-0.938533; mean_coherence=0.488524,,,NS3,C-Terminal Tail,/Users/medhasharma/Downloads/forcodexstride/strideouts/outputs_s2/domain_reproducibility.parquet,chain;domain;rho_domain;coherence_domain,,new,
Part B - domain analysis,Domain mean-rho rank 6,mean_rho=0.680494; range=0.564845-0.893744; mean_coherence=0.792065,,,NS3,Oxyanion Loop,/Users/medhasharma/Downloads/forcodexstride/strideouts/outputs_s2/domain_reproducibility.parquet,chain;domain;rho_domain;coherence_domain,,new,
Part B - domain analysis,Domain mean-rho rank 7,mean_rho=0.614720; range=0.343603-0.837288; mean_coherence=0.766589,,,NS3,B2b-C2 Hairpin,/Users/medhasharma/Downloads/forcodexstride/strideouts/outputs_s2/domain_reproducibility.parquet,chain;domain;rho_domain;coherence_domain,,new,
Part B - domain analysis,Domain mean-rho rank 8,mean_rho=0.525675; range=0.361739-0.778074; mean_coherence=0.759735,,,NS3,Catalytic Triad,/Users/medhasharma/Downloads/forcodexstride/strideouts/outputs_s2/domain_reproducibility.parquet,chain;domain;rho_domain;coherence_domain,,new,
Part B - signed effects,FDR-significant signed effects by sign,73,,,,,/Users/medhasharma/Downloads/forcodexstride/strideouts/outputs_s4/significance_screen.parquet,significant_fdr;beta_signed,negative,new,
Part B - signed effects,FDR-significant signed effects by sign,79,,,,,/Users/medhasharma/Downloads/forcodexstride/strideouts/outputs_s4/significance_screen.parquet,significant_fdr;beta_signed,positive,new,
Part B - signed effects,Top positive beta FDR loci rank 1,beta=0.298077; p_bh=7.4e-07,,DENV4,NS3,unassigned,/Users/medhasharma/Downloads/forcodexstride/strideouts/outputs_s4/significance_screen.parquet,serotype;canon_label;chain;domain;beta_signed;p_value_bh;significant_fdr,NS3:104,new,
Part B - signed effects,Top positive beta FDR loci rank 2,beta=0.295618; p_bh=0.00192363,,DENV3,NS2B,unassigned,/Users/medhasharma/Downloads/forcodexstride/strideouts/outputs_s4/significance_screen.parquet,serotype;canon_label;chain;domain;beta_signed;p_value_bh;significant_fdr,NS2B:-23,new,
Part B - signed effects,Top positive beta FDR loci rank 3,beta=0.295040; p_bh=1.67e-06,,DENV4,NS3,unassigned,/Users/medhasharma/Downloads/forcodexstride/strideouts/outputs_s4/significance_screen.parquet,serotype;canon_label;chain;domain;beta_signed;p_value_bh;significant_fdr,NS3:101,new,
Part B - signed effects,Top positive beta FDR loci rank 4,beta=0.294769; p_bh=0.017349,,DENV4,NS3,unassigned,/Users/medhasharma/Downloads/forcodexstride/strideouts/outputs_s4/significance_screen.parquet,serotype;canon_label;chain;domain;beta_signed;p_value_bh;significant_fdr,NS3:132,new,
Part B - signed effects,Top positive beta FDR loci rank 5,beta=0.289451; p_bh=0.00061558,,DENV3,NS2B,unassigned,/Users/medhasharma/Downloads/forcodexstride/strideouts/outputs_s4/significance_screen.parquet,serotype;canon_label;chain;domain;beta_signed;p_value_bh;significant_fdr,NS2B:-21,new,
Part B - signed effects,Top positive beta FDR loci rank 6,beta=0.288829; p_bh=2e-07,,DENV4,NS3,unassigned,/Users/medhasharma/Downloads/forcodexstride/strideouts/outputs_s4/significance_screen.parquet,serotype;canon_label;chain;domain;beta_signed;p_value_bh;significant_fdr,NS3:105,new,
Part B - signed effects,Top positive beta FDR loci rank 7,beta=0.285195; p_bh=0.002459,,DENV3,NS2B,unassigned,/Users/medhasharma/Downloads/forcodexstride/strideouts/outputs_s4/significance_screen.parquet,serotype;canon_label;chain;domain;beta_signed;p_value_bh;significant_fdr,NS2B:-24,new,
Part B - signed effects,Top positive beta FDR loci rank 8,beta=0.284394; p_bh=0.00288338,,DENV4,NS3,unassigned,/Users/medhasharma/Downloads/forcodexstride/strideouts/outputs_s4/significance_screen.parquet,serotype;canon_label;chain;domain;beta_signed;p_value_bh;significant_fdr,NS3:131,new,
Part B - signed effects,Top positive beta FDR loci rank 9,beta=0.284089; p_bh=9.4e-07,,DENV4,NS3,unassigned,/Users/medhasharma/Downloads/forcodexstride/strideouts/outputs_s4/significance_screen.parquet,serotype;canon_label;chain;domain;beta_signed;p_value_bh;significant_fdr,NS3:103,new,
Part B - signed effects,Top positive beta FDR loci rank 10,beta=0.275944; p_bh=1.77e-06,,DENV4,NS3,unassigned,/Users/medhasharma/Downloads/forcodexstride/strideouts/outputs_s4/significance_screen.parquet,serotype;canon_label;chain;domain;beta_signed;p_value_bh;significant_fdr,NS3:35,new,
Part B - signed effects,Top negative beta FDR loci rank 1,beta=-0.298369; p_bh=0.00285504,,DENV1,NS2B,unassigned,/Users/medhasharma/Downloads/forcodexstride/strideouts/outputs_s4/significance_screen.parquet,serotype;canon_label;chain;domain;beta_signed;p_value_bh;significant_fdr,NS2B:-46,new,
Part B - signed effects,Top negative beta FDR loci rank 2,beta=-0.297053; p_bh=0.0141521,,DENV1,NS2B,unassigned,/Users/medhasharma/Downloads/forcodexstride/strideouts/outputs_s4/significance_screen.parquet,serotype;canon_label;chain;domain;beta_signed;p_value_bh;significant_fdr,NS2B:-47,new,
Part B - signed effects,Top negative beta FDR loci rank 3,beta=-0.267136; p_bh=0.0206503,,DENV3,NS3,unassigned,/Users/medhasharma/Downloads/forcodexstride/strideouts/outputs_s4/significance_screen.parquet,serotype;canon_label;chain;domain;beta_signed;p_value_bh;significant_fdr,NS3:30,new,
Part B - signed effects,Top negative beta FDR loci rank 4,beta=-0.265227; p_bh=0.0212157,,DENV1,NS2B,unassigned,/Users/medhasharma/Downloads/forcodexstride/strideouts/outputs_s4/significance_screen.parquet,serotype;canon_label;chain;domain;beta_signed;p_value_bh;significant_fdr,NS2B:-45,new,
Part B - signed effects,Top negative beta FDR loci rank 5,beta=-0.252059; p_bh=0.00143488,,DENV1,NS2B,unassigned,/Users/medhasharma/Downloads/forcodexstride/strideouts/outputs_s4/significance_screen.parquet,serotype;canon_label;chain;domain;beta_signed;p_value_bh;significant_fdr,NS2B:-48,new,
Part B - signed effects,Top negative beta FDR loci rank 6,beta=-0.229073; p_bh=0,,DENV1,NS2B,unassigned,/Users/medhasharma/Downloads/forcodexstride/strideouts/outputs_s4/significance_screen.parquet,serotype;canon_label;chain;domain;beta_signed;p_value_bh;significant_fdr,NS2B:-49,new,
Part B - signed effects,Top negative beta FDR loci rank 7,beta=-0.208980; p_bh=0.00026031,,DENV1,NS2B,unassigned,/Users/medhasharma/Downloads/forcodexstride/strideouts/outputs_s4/significance_screen.parquet,serotype;canon_label;chain;domain;beta_signed;p_value_bh;significant_fdr,NS2B:-44,new,
Part B - signed effects,Top negative beta FDR loci rank 8,beta=-0.208426; p_bh=0.0206503,,DENV3,NS3,unassigned,/Users/medhasharma/Downloads/forcodexstride/strideouts/outputs_s4/significance_screen.parquet,serotype;canon_label;chain;domain;beta_signed;p_value_bh;significant_fdr,NS3:31,new,
Part B - signed effects,Top negative beta FDR loci rank 9,beta=-0.197135; p_bh=0.00067242,,DENV1,NS2B,unassigned,/Users/medhasharma/Downloads/forcodexstride/strideouts/outputs_s4/significance_screen.parquet,serotype;canon_label;chain;domain;beta_signed;p_value_bh;significant_fdr,NS2B:-18,new,
Part B - signed effects,Top negative beta FDR loci rank 10,beta=-0.193802; p_bh=0.00277227,,DENV1,NS2B,unassigned,/Users/medhasharma/Downloads/forcodexstride/strideouts/outputs_s4/significance_screen.parquet,serotype;canon_label;chain;domain;beta_signed;p_value_bh;significant_fdr,NS2B:-10,new,
Part B - signed effects,Top FDR loci by adjusted p rank 1,beta=0.260116; p_bh=0,,DENV4,NS3,unassigned,/Users/medhasharma/Downloads/forcodexstride/strideouts/outputs_s4/significance_screen.parquet,serotype;canon_label;chain;domain;beta_signed;p_value_bh;significant_fdr,NS3:106,new,
Part B - signed effects,Top FDR loci by adjusted p rank 2,beta=0.161778; p_bh=0,,DENV3,NS3,unassigned,/Users/medhasharma/Downloads/forcodexstride/strideouts/outputs_s4/significance_screen.parquet,serotype;canon_label;chain;domain;beta_signed;p_value_bh;significant_fdr,NS3:77,new,
Part B - signed effects,Top FDR loci by adjusted p rank 3,beta=0.191409; p_bh=0,,DENV3,NS3,unassigned,/Users/medhasharma/Downloads/forcodexstride/strideouts/outputs_s4/significance_screen.parquet,serotype;canon_label;chain;domain;beta_signed;p_value_bh;significant_fdr,NS3:83,new,
Part B - signed effects,Top FDR loci by adjusted p rank 4,beta=-0.229073; p_bh=0,,DENV1,NS2B,unassigned,/Users/medhasharma/Downloads/forcodexstride/strideouts/outputs_s4/significance_screen.parquet,serotype;canon_label;chain;domain;beta_signed;p_value_bh;significant_fdr,NS2B:-49,new,
Part B - signed effects,Top FDR loci by adjusted p rank 5,beta=0.159845; p_bh=0,,DENV1,NS3,unassigned,/Users/medhasharma/Downloads/forcodexstride/strideouts/outputs_s4/significance_screen.parquet,serotype;canon_label;chain;domain;beta_signed;p_value_bh;significant_fdr,NS3:151,new,
Part B - signed effects,Top FDR loci by adjusted p rank 6,beta=0.230089; p_bh=2e-07,,DENV4,NS3,unassigned,/Users/medhasharma/Downloads/forcodexstride/strideouts/outputs_s4/significance_screen.parquet,serotype;canon_label;chain;domain;beta_signed;p_value_bh;significant_fdr,NS3:107,new,
Part B - signed effects,Top FDR loci by adjusted p rank 7,beta=0.288829; p_bh=2e-07,,DENV4,NS3,unassigned,/Users/medhasharma/Downloads/forcodexstride/strideouts/outputs_s4/significance_screen.parquet,serotype;canon_label;chain;domain;beta_signed;p_value_bh;significant_fdr,NS3:105,new,
Part B - signed effects,Top FDR loci by adjusted p rank 8,beta=0.298077; p_bh=7.4e-07,,DENV4,NS3,unassigned,/Users/medhasharma/Downloads/forcodexstride/strideouts/outputs_s4/significance_screen.parquet,serotype;canon_label;chain;domain;beta_signed;p_value_bh;significant_fdr,NS3:104,new,
Part B - signed effects,Top FDR loci by adjusted p rank 9,beta=0.179057; p_bh=9.4e-07,,DENV3,NS3,unassigned,/Users/medhasharma/Downloads/forcodexstride/strideouts/outputs_s4/significance_screen.parquet,serotype;canon_label;chain;domain;beta_signed;p_value_bh;significant_fdr,NS3:78,new,
Part B - signed effects,Top FDR loci by adjusted p rank 10,beta=0.284089; p_bh=9.4e-07,,DENV4,NS3,unassigned,/Users/medhasharma/Downloads/forcodexstride/strideouts/outputs_s4/significance_screen.parquet,serotype;canon_label;chain;domain;beta_signed;p_value_bh;significant_fdr,NS3:103,new,
Part B - signed effects,Catalytic-domain signed beta value,beta=0.140314; p_bh=0.0500469; fdr=False,,DENV1,NS3,Catalytic Triad,/Users/medhasharma/Downloads/forcodexstride/strideouts/outputs_s4/significance_screen.parquet,serotype;canon_label;domain;beta_signed;p_value_bh;significant_fdr,NS3:135,new,
Part B - signed effects,Catalytic-domain signed beta value,beta=0.038755; p_bh=0.323185; fdr=False,,DENV1,NS3,Catalytic Triad,/Users/medhasharma/Downloads/forcodexstride/strideouts/outputs_s4/significance_screen.parquet,serotype;canon_label;domain;beta_signed;p_value_bh;significant_fdr,NS3:51,new,
Part B - signed effects,Catalytic-domain signed beta value,beta=0.103308; p_bh=0.00988367; fdr=True,,DENV1,NS3,Catalytic Triad,/Users/medhasharma/Downloads/forcodexstride/strideouts/outputs_s4/significance_screen.parquet,serotype;canon_label;domain;beta_signed;p_value_bh;significant_fdr,NS3:75,new,
Part B - signed effects,Catalytic-domain signed beta value,beta=0.167503; p_bh=0.00263227; fdr=True,,DENV4,NS3,Catalytic Triad,/Users/medhasharma/Downloads/forcodexstride/strideouts/outputs_s4/significance_screen.parquet,serotype;canon_label;domain;beta_signed;p_value_bh;significant_fdr,NS3:135,new,
Part B - signed effects,Catalytic-domain signed beta value,beta=0.197515; p_bh=0.00539725; fdr=True,,DENV4,NS3,Catalytic Triad,/Users/medhasharma/Downloads/forcodexstride/strideouts/outputs_s4/significance_screen.parquet,serotype;canon_label;domain;beta_signed;p_value_bh;significant_fdr,NS3:51,new,
Part B - signed effects,Catalytic-domain signed beta value,beta=0.129826; p_bh=0.00090192; fdr=True,,DENV1,NS3,Oxyanion Loop,/Users/medhasharma/Downloads/forcodexstride/strideouts/outputs_s4/significance_screen.parquet,serotype;canon_label;domain;beta_signed;p_value_bh;significant_fdr,NS3:152,new,
Part B - signed effects,Catalytic-domain signed beta value,beta=0.125203; p_bh=0.130598; fdr=False,,DENV1,NS3,Oxyanion Loop,/Users/medhasharma/Downloads/forcodexstride/strideouts/outputs_s4/significance_screen.parquet,serotype;canon_label;domain;beta_signed;p_value_bh;significant_fdr,NS3:153,new,
Part B - signed effects,Catalytic-domain signed beta value,beta=0.108239; p_bh=0.243499; fdr=False,,DENV1,NS3,Oxyanion Loop,/Users/medhasharma/Downloads/forcodexstride/strideouts/outputs_s4/significance_screen.parquet,serotype;canon_label;domain;beta_signed;p_value_bh;significant_fdr,NS3:154,new,
Part B - signed effects,Catalytic-domain signed beta value,beta=0.125203; p_bh=0.130598; fdr=False,,DENV1,NS3,Oxyanion Loop,/Users/medhasharma/Downloads/forcodexstride/strideouts/outputs_s4/significance_screen.parquet,serotype;canon_label;domain;beta_signed;p_value_bh;significant_fdr,NS3:155,new,
Part B - signed effects,Catalytic-domain signed beta value,beta=0.182624; p_bh=0.0009099; fdr=True,,DENV1,NS3,Oxyanion Loop,/Users/medhasharma/Downloads/forcodexstride/strideouts/outputs_s4/significance_screen.parquet,serotype;canon_label;domain;beta_signed;p_value_bh;significant_fdr,NS3:156,new,
Part B - signed effects,Catalytic-domain signed beta value,beta=0.125203; p_bh=0.130598; fdr=False,,DENV1,NS3,Oxyanion Loop,/Users/medhasharma/Downloads/forcodexstride/strideouts/outputs_s4/significance_screen.parquet,serotype;canon_label;domain;beta_signed;p_value_bh;significant_fdr,NS3:157,new,
Part B - signed effects,Catalytic-domain signed beta value,beta=0.125203; p_bh=0.130598; fdr=False,,DENV1,NS3,Oxyanion Loop,/Users/medhasharma/Downloads/forcodexstride/strideouts/outputs_s4/significance_screen.parquet,serotype;canon_label;domain;beta_signed;p_value_bh;significant_fdr,NS3:158,new,
Part B - signed effects,Catalytic-domain signed beta value,beta=0.125203; p_bh=0.130598; fdr=False,,DENV1,NS3,Oxyanion Loop,/Users/medhasharma/Downloads/forcodexstride/strideouts/outputs_s4/significance_screen.parquet,serotype;canon_label;domain;beta_signed;p_value_bh;significant_fdr,NS3:159,new,
Part B - signed effects,Catalytic-domain signed beta value,beta=0.135211; p_bh=0.15798; fdr=False,,DENV2,NS3,Oxyanion Loop,/Users/medhasharma/Downloads/forcodexstride/strideouts/outputs_s4/significance_screen.parquet,serotype;canon_label;domain;beta_signed;p_value_bh;significant_fdr,NS3:152,new,
Part B - signed effects,Catalytic-domain signed beta value,beta=0.135211; p_bh=0.15798; fdr=False,,DENV2,NS3,Oxyanion Loop,/Users/medhasharma/Downloads/forcodexstride/strideouts/outputs_s4/significance_screen.parquet,serotype;canon_label;domain;beta_signed;p_value_bh;significant_fdr,NS3:153,new,
Part B - signed effects,Catalytic-domain signed beta value,beta=0.135211; p_bh=0.15798; fdr=False,,DENV2,NS3,Oxyanion Loop,/Users/medhasharma/Downloads/forcodexstride/strideouts/outputs_s4/significance_screen.parquet,serotype;canon_label;domain;beta_signed;p_value_bh;significant_fdr,NS3:154,new,
Part B - signed effects,Catalytic-domain signed beta value,beta=0.135211; p_bh=0.15798; fdr=False,,DENV2,NS3,Oxyanion Loop,/Users/medhasharma/Downloads/forcodexstride/strideouts/outputs_s4/significance_screen.parquet,serotype;canon_label;domain;beta_signed;p_value_bh;significant_fdr,NS3:155,new,
Part B - signed effects,Catalytic-domain signed beta value,beta=0.175611; p_bh=0.020691; fdr=True,,DENV2,NS3,Oxyanion Loop,/Users/medhasharma/Downloads/forcodexstride/strideouts/outputs_s4/significance_screen.parquet,serotype;canon_label;domain;beta_signed;p_value_bh;significant_fdr,NS3:156,new,
Part B - signed effects,Catalytic-domain signed beta value,beta=0.163215; p_bh=0.0324586; fdr=True,,DENV2,NS3,Oxyanion Loop,/Users/medhasharma/Downloads/forcodexstride/strideouts/outputs_s4/significance_screen.parquet,serotype;canon_label;domain;beta_signed;p_value_bh;significant_fdr,NS3:157,new,
Part B - signed effects,Catalytic-domain signed beta value,beta=0.182846; p_bh=0.0084135; fdr=True,,DENV2,NS3,Oxyanion Loop,/Users/medhasharma/Downloads/forcodexstride/strideouts/outputs_s4/significance_screen.parquet,serotype;canon_label;domain;beta_signed;p_value_bh;significant_fdr,NS3:158,new,
Part B - signed effects,Catalytic-domain signed beta value,beta=-0.048927; p_bh=0.24757; fdr=False,,DENV3,NS3,Oxyanion Loop,/Users/medhasharma/Downloads/forcodexstride/strideouts/outputs_s4/significance_screen.parquet,serotype;canon_label;domain;beta_signed;p_value_bh;significant_fdr,NS3:152,new,
Part B - signed effects,Catalytic-domain signed beta value,beta=-0.048927; p_bh=0.24757; fdr=False,,DENV3,NS3,Oxyanion Loop,/Users/medhasharma/Downloads/forcodexstride/strideouts/outputs_s4/significance_screen.parquet,serotype;canon_label;domain;beta_signed;p_value_bh;significant_fdr,NS3:153,new,
Part B - signed effects,Catalytic-domain signed beta value,beta=-0.048927; p_bh=0.24757; fdr=False,,DENV3,NS3,Oxyanion Loop,/Users/medhasharma/Downloads/forcodexstride/strideouts/outputs_s4/significance_screen.parquet,serotype;canon_label;domain;beta_signed;p_value_bh;significant_fdr,NS3:154,new,
Part B - signed effects,Catalytic-domain signed beta value,beta=-0.048927; p_bh=0.24757; fdr=False,,DENV3,NS3,Oxyanion Loop,/Users/medhasharma/Downloads/forcodexstride/strideouts/outputs_s4/significance_screen.parquet,serotype;canon_label;domain;beta_signed;p_value_bh;significant_fdr,NS3:156,new,
Part B - signed effects,Catalytic-domain signed beta value,beta=-0.044789; p_bh=0.274872; fdr=False,,DENV3,NS3,Oxyanion Loop,/Users/medhasharma/Downloads/forcodexstride/strideouts/outputs_s4/significance_screen.parquet,serotype;canon_label;domain;beta_signed;p_value_bh;significant_fdr,NS3:157,new,
Part B - signed effects,Catalytic-domain signed beta value,beta=-0.048927; p_bh=0.24757; fdr=False,,DENV3,NS3,Oxyanion Loop,/Users/medhasharma/Downloads/forcodexstride/strideouts/outputs_s4/significance_screen.parquet,serotype;canon_label;domain;beta_signed;p_value_bh;significant_fdr,NS3:158,new,
Part B - signed effects,Catalytic-domain signed beta value,beta=-0.048927; p_bh=0.24757; fdr=False,,DENV3,NS3,Oxyanion Loop,/Users/medhasharma/Downloads/forcodexstride/strideouts/outputs_s4/significance_screen.parquet,serotype;canon_label;domain;beta_signed;p_value_bh;significant_fdr,NS3:159,new,
Part B - signed effects,Catalytic-domain signed beta value,beta=-0.111787; p_bh=0.0425641; fdr=True,,DENV4,NS3,Oxyanion Loop,/Users/medhasharma/Downloads/forcodexstride/strideouts/outputs_s4/significance_screen.parquet,serotype;canon_label;domain;beta_signed;p_value_bh;significant_fdr,NS3:152,new,
Part B - signed effects,Catalytic-domain signed beta value,beta=-0.126411; p_bh=0.0227186; fdr=True,,DENV4,NS3,Oxyanion Loop,/Users/medhasharma/Downloads/forcodexstride/strideouts/outputs_s4/significance_screen.parquet,serotype;canon_label;domain;beta_signed;p_value_bh;significant_fdr,NS3:153,new,
Part B - signed effects,Catalytic-domain signed beta value,beta=-0.141118; p_bh=0.0242032; fdr=True,,DENV4,NS3,Oxyanion Loop,/Users/medhasharma/Downloads/forcodexstride/strideouts/outputs_s4/significance_screen.parquet,serotype;canon_label;domain;beta_signed;p_value_bh;significant_fdr,NS3:154,new,
Part B - signed effects,Catalytic-domain signed beta value,beta=-0.145965; p_bh=0.0146896; fdr=True,,DENV4,NS3,Oxyanion Loop,/Users/medhasharma/Downloads/forcodexstride/strideouts/outputs_s4/significance_screen.parquet,serotype;canon_label;domain;beta_signed;p_value_bh;significant_fdr,NS3:155,new,
Part B - signed effects,Catalytic-domain signed beta value,beta=-0.095559; p_bh=0.0060546; fdr=True,,DENV4,NS3,Oxyanion Loop,/Users/medhasharma/Downloads/forcodexstride/strideouts/outputs_s4/significance_screen.parquet,serotype;canon_label;domain;beta_signed;p_value_bh;significant_fdr,NS3:156,new,
Part B - signed effects,Catalytic-domain signed beta value,beta=-0.095559; p_bh=0.0060546; fdr=True,,DENV4,NS3,Oxyanion Loop,/Users/medhasharma/Downloads/forcodexstride/strideouts/outputs_s4/significance_screen.parquet,serotype;canon_label;domain;beta_signed;p_value_bh;significant_fdr,NS3:159,new,
Part B - cross-serotype conservation,Reproducible-position count by serotype and chain,36,,DENV1,NS2B,,/Users/medhasharma/Downloads/forcodexstride/strideouts/outputs_s2/residue_landscape.parquet,serotype;chain;rho_residue,,new,
Part B - cross-serotype conservation,Reproducible-position count by serotype and chain,86,,DENV1,NS3,,/Users/medhasharma/Downloads/forcodexstride/strideouts/outputs_s2/residue_landscape.parquet,serotype;chain;rho_residue,,new,
Part B - cross-serotype conservation,Reproducible-position count by serotype and chain,42,,DENV2,NS2B,,/Users/medhasharma/Downloads/forcodexstride/strideouts/outputs_s2/residue_landscape.parquet,serotype;chain;rho_residue,,new,
Part B - cross-serotype conservation,Reproducible-position count by serotype and chain,95,,DENV2,NS3,,/Users/medhasharma/Downloads/forcodexstride/strideouts/outputs_s2/residue_landscape.parquet,serotype;chain;rho_residue,,new,
Part B - cross-serotype conservation,Reproducible-position count by serotype and chain,35,,DENV3,NS2B,,/Users/medhasharma/Downloads/forcodexstride/strideouts/outputs_s2/residue_landscape.parquet,serotype;chain;rho_residue,,new,
Part B - cross-serotype conservation,Reproducible-position count by serotype and chain,110,,DENV3,NS3,,/Users/medhasharma/Downloads/forcodexstride/strideouts/outputs_s2/residue_landscape.parquet,serotype;chain;rho_residue,,new,
Part B - cross-serotype conservation,Reproducible-position count by serotype and chain,13,,DENV4,NS2B,,/Users/medhasharma/Downloads/forcodexstride/strideouts/outputs_s2/residue_landscape.parquet,serotype;chain;rho_residue,,new,
Part B - cross-serotype conservation,Reproducible-position count by serotype and chain,93,,DENV4,NS3,,/Users/medhasharma/Downloads/forcodexstride/strideouts/outputs_s2/residue_landscape.parquet,serotype;chain;rho_residue,,new,
Part B - cross-serotype conservation,All-four-serotype reproducible position,median_rho=0.754415; signed_reproducible_serotypes=2; majority_direction=none; concordance=conflict; catalytic=False,,,NS2B,unassigned,/Users/medhasharma/Downloads/forcodexstride/strideouts/outputs_s5/position_conservation.parquet,canon_label;chain;domain;n_serotypes_reproducible;rho_residue_median;n_serotypes_signed_reproducible;is_catalytic_triad,NS2B:-17,new,
Part B - cross-serotype conservation,All-four-serotype reproducible position,median_rho=0.708874; signed_reproducible_serotypes=2; majority_direction=none; concordance=conflict; catalytic=False,,,NS2B,unassigned,/Users/medhasharma/Downloads/forcodexstride/strideouts/outputs_s5/position_conservation.parquet,canon_label;chain;domain;n_serotypes_reproducible;rho_residue_median;n_serotypes_signed_reproducible;is_catalytic_triad,NS2B:-19,new,
Part B - cross-serotype conservation,All-four-serotype reproducible position,median_rho=0.719826; signed_reproducible_serotypes=2; majority_direction=none; concordance=conflict; catalytic=False,,,NS2B,unassigned,/Users/medhasharma/Downloads/forcodexstride/strideouts/outputs_s5/position_conservation.parquet,canon_label;chain;domain;n_serotypes_reproducible;rho_residue_median;n_serotypes_signed_reproducible;is_catalytic_triad,NS2B:-23,new,
Part B - cross-serotype conservation,All-four-serotype reproducible position,median_rho=0.770474; signed_reproducible_serotypes=1; majority_direction=nan; concordance=nan; catalytic=False,,,NS2B,unassigned,/Users/medhasharma/Downloads/forcodexstride/strideouts/outputs_s5/position_conservation.parquet,canon_label;chain;domain;n_serotypes_reproducible;rho_residue_median;n_serotypes_signed_reproducible;is_catalytic_triad,NS2B:-24,new,
Part B - cross-serotype conservation,All-four-serotype reproducible position,median_rho=0.617238; signed_reproducible_serotypes=2; majority_direction=none; concordance=conflict; catalytic=False,,,NS2B,unassigned,/Users/medhasharma/Downloads/forcodexstride/strideouts/outputs_s5/position_conservation.parquet,canon_label;chain;domain;n_serotypes_reproducible;rho_residue_median;n_serotypes_signed_reproducible;is_catalytic_triad,NS2B:-25,new,
Part B - cross-serotype conservation,All-four-serotype reproducible position,median_rho=0.744525; signed_reproducible_serotypes=2; majority_direction=none; concordance=conflict; catalytic=False,,,NS2B,unassigned,/Users/medhasharma/Downloads/forcodexstride/strideouts/outputs_s5/position_conservation.parquet,canon_label;chain;domain;n_serotypes_reproducible;rho_residue_median;n_serotypes_signed_reproducible;is_catalytic_triad,NS2B:-9,new,
Part B - cross-serotype conservation,All-four-serotype reproducible position,median_rho=0.624836; signed_reproducible_serotypes=1; majority_direction=nan; concordance=nan; catalytic=False,,,NS3,120s Loop,/Users/medhasharma/Downloads/forcodexstride/strideouts/outputs_s5/position_conservation.parquet,canon_label;chain;domain;n_serotypes_reproducible;rho_residue_median;n_serotypes_signed_reproducible;is_catalytic_triad,NS3:121,new,
Part B - cross-serotype conservation,All-four-serotype reproducible position,median_rho=0.647668; signed_reproducible_serotypes=2; majority_direction=decrease; concordance=agree; catalytic=False,,,NS3,Gly45 Turn,/Users/medhasharma/Downloads/forcodexstride/strideouts/outputs_s5/position_conservation.parquet,canon_label;chain;domain;n_serotypes_reproducible;rho_residue_median;n_serotypes_signed_reproducible;is_catalytic_triad,NS3:43,new,
Part B - cross-serotype conservation,All-four-serotype reproducible position,median_rho=0.770564; signed_reproducible_serotypes=3; majority_direction=decrease; concordance=majority; catalytic=False,,,NS3,Gly45 Turn,/Users/medhasharma/Downloads/forcodexstride/strideouts/outputs_s5/position_conservation.parquet,canon_label;chain;domain;n_serotypes_reproducible;rho_residue_median;n_serotypes_signed_reproducible;is_catalytic_triad,NS3:47,new,
Part B - cross-serotype conservation,All-four-serotype reproducible position,median_rho=0.767322; signed_reproducible_serotypes=2; majority_direction=increase; concordance=agree; catalytic=False,,,NS3,unassigned,/Users/medhasharma/Downloads/forcodexstride/strideouts/outputs_s5/position_conservation.parquet,canon_label;chain;domain;n_serotypes_reproducible;rho_residue_median;n_serotypes_signed_reproducible;is_catalytic_triad,NS3:106,new,
Part B - cross-serotype conservation,All-four-serotype reproducible position,median_rho=0.771833; signed_reproducible_serotypes=2; majority_direction=none; concordance=conflict; catalytic=False,,,NS3,unassigned,/Users/medhasharma/Downloads/forcodexstride/strideouts/outputs_s5/position_conservation.parquet,canon_label;chain;domain;n_serotypes_reproducible;rho_residue_median;n_serotypes_signed_reproducible;is_catalytic_triad,NS3:130,new,
Part B - cross-serotype conservation,All-four-serotype reproducible position,median_rho=0.742766; signed_reproducible_serotypes=1; majority_direction=nan; concordance=nan; catalytic=False,,,NS3,unassigned,/Users/medhasharma/Downloads/forcodexstride/strideouts/outputs_s5/position_conservation.parquet,canon_label;chain;domain;n_serotypes_reproducible;rho_residue_median;n_serotypes_signed_reproducible;is_catalytic_triad,NS3:131,new,
Part B - cross-serotype conservation,All-four-serotype reproducible position,median_rho=0.677269; signed_reproducible_serotypes=2; majority_direction=none; concordance=conflict; catalytic=False,,,NS3,unassigned,/Users/medhasharma/Downloads/forcodexstride/strideouts/outputs_s5/position_conservation.parquet,canon_label;chain;domain;n_serotypes_reproducible;rho_residue_median;n_serotypes_signed_reproducible;is_catalytic_triad,NS3:33,new,
Part B - cross-serotype conservation,All-four-serotype reproducible position,median_rho=0.666138; signed_reproducible_serotypes=1; majority_direction=nan; concordance=nan; catalytic=False,,,NS3,unassigned,/Users/medhasharma/Downloads/forcodexstride/strideouts/outputs_s5/position_conservation.parquet,canon_label;chain;domain;n_serotypes_reproducible;rho_residue_median;n_serotypes_signed_reproducible;is_catalytic_triad,NS3:34,new,
Part B - cross-serotype conservation,All-four-serotype reproducible position,median_rho=0.788489; signed_reproducible_serotypes=3; majority_direction=increase; concordance=majority; catalytic=False,,,NS3,unassigned,/Users/medhasharma/Downloads/forcodexstride/strideouts/outputs_s5/position_conservation.parquet,canon_label;chain;domain;n_serotypes_reproducible;rho_residue_median;n_serotypes_signed_reproducible;is_catalytic_triad,NS3:72,new,
Part B - cross-serotype conservation,All-four-serotype reproducible position,median_rho=0.726722; signed_reproducible_serotypes=2; majority_direction=none; concordance=conflict; catalytic=False,,,NS3,unassigned,/Users/medhasharma/Downloads/forcodexstride/strideouts/outputs_s5/position_conservation.parquet,canon_label;chain;domain;n_serotypes_reproducible;rho_residue_median;n_serotypes_signed_reproducible;is_catalytic_triad,NS3:84,new,
Part B - cross-serotype conservation,All-four-serotype reproducible position,median_rho=0.788642; signed_reproducible_serotypes=2; majority_direction=none; concordance=conflict; catalytic=False,,,NS3,unassigned,/Users/medhasharma/Downloads/forcodexstride/strideouts/outputs_s5/position_conservation.parquet,canon_label;chain;domain;n_serotypes_reproducible;rho_residue_median;n_serotypes_signed_reproducible;is_catalytic_triad,NS3:85,new,
Part B - cross-serotype conservation,All-four-serotype reproducible position,median_rho=0.794227; signed_reproducible_serotypes=2; majority_direction=none; concordance=conflict; catalytic=False,,,NS3,unassigned,/Users/medhasharma/Downloads/forcodexstride/strideouts/outputs_s5/position_conservation.parquet,canon_label;chain;domain;n_serotypes_reproducible;rho_residue_median;n_serotypes_signed_reproducible;is_catalytic_triad,NS3:94,new,
Part B - cross-serotype conservation,Exactly-three-serotype reproducible position,median_rho=0.747068; signed_reproducible_serotypes=1; catalytic=False,,,NS2B,unassigned,/Users/medhasharma/Downloads/forcodexstride/strideouts/outputs_s5/position_conservation.parquet,canon_label;chain;domain;n_serotypes_reproducible;rho_residue_median;n_serotypes_signed_reproducible;is_catalytic_triad,NS2B:-10,new,
Part B - cross-serotype conservation,Exactly-three-serotype reproducible position,median_rho=0.637936; signed_reproducible_serotypes=1; catalytic=False,,,NS2B,unassigned,/Users/medhasharma/Downloads/forcodexstride/strideouts/outputs_s5/position_conservation.parquet,canon_label;chain;domain;n_serotypes_reproducible;rho_residue_median;n_serotypes_signed_reproducible;is_catalytic_triad,NS2B:-11,new,
Part B - cross-serotype conservation,Exactly-three-serotype reproducible position,median_rho=0.530917; signed_reproducible_serotypes=1; catalytic=False,,,NS2B,unassigned,/Users/medhasharma/Downloads/forcodexstride/strideouts/outputs_s5/position_conservation.parquet,canon_label;chain;domain;n_serotypes_reproducible;rho_residue_median;n_serotypes_signed_reproducible;is_catalytic_triad,NS2B:-12,new,
Part B - cross-serotype conservation,Exactly-three-serotype reproducible position,median_rho=0.804735; signed_reproducible_serotypes=1; catalytic=False,,,NS2B,unassigned,/Users/medhasharma/Downloads/forcodexstride/strideouts/outputs_s5/position_conservation.parquet,canon_label;chain;domain;n_serotypes_reproducible;rho_residue_median;n_serotypes_signed_reproducible;is_catalytic_triad,NS2B:-14,new,
Part B - cross-serotype conservation,Exactly-three-serotype reproducible position,median_rho=0.584777; signed_reproducible_serotypes=2; catalytic=False,,,NS2B,unassigned,/Users/medhasharma/Downloads/forcodexstride/strideouts/outputs_s5/position_conservation.parquet,canon_label;chain;domain;n_serotypes_reproducible;rho_residue_median;n_serotypes_signed_reproducible;is_catalytic_triad,NS2B:-15,new,
Part B - cross-serotype conservation,Exactly-three-serotype reproducible position,median_rho=0.664980; signed_reproducible_serotypes=2; catalytic=False,,,NS2B,unassigned,/Users/medhasharma/Downloads/forcodexstride/strideouts/outputs_s5/position_conservation.parquet,canon_label;chain;domain;n_serotypes_reproducible;rho_residue_median;n_serotypes_signed_reproducible;is_catalytic_triad,NS2B:-18,new,
Part B - cross-serotype conservation,Exactly-three-serotype reproducible position,median_rho=0.604244; signed_reproducible_serotypes=1; catalytic=False,,,NS2B,unassigned,/Users/medhasharma/Downloads/forcodexstride/strideouts/outputs_s5/position_conservation.parquet,canon_label;chain;domain;n_serotypes_reproducible;rho_residue_median;n_serotypes_signed_reproducible;is_catalytic_triad,NS2B:-2,new,
Part B - cross-serotype conservation,Exactly-three-serotype reproducible position,median_rho=0.733570; signed_reproducible_serotypes=1; catalytic=False,,,NS2B,unassigned,/Users/medhasharma/Downloads/forcodexstride/strideouts/outputs_s5/position_conservation.parquet,canon_label;chain;domain;n_serotypes_reproducible;rho_residue_median;n_serotypes_signed_reproducible;is_catalytic_triad,NS2B:-22,new,
Part B - cross-serotype conservation,Exactly-three-serotype reproducible position,median_rho=0.728676; signed_reproducible_serotypes=2; catalytic=False,,,NS2B,unassigned,/Users/medhasharma/Downloads/forcodexstride/strideouts/outputs_s5/position_conservation.parquet,canon_label;chain;domain;n_serotypes_reproducible;rho_residue_median;n_serotypes_signed_reproducible;is_catalytic_triad,NS2B:-27,new,
Part B - cross-serotype conservation,Exactly-three-serotype reproducible position,median_rho=0.521661; signed_reproducible_serotypes=2; catalytic=False,,,NS2B,unassigned,/Users/medhasharma/Downloads/forcodexstride/strideouts/outputs_s5/position_conservation.parquet,canon_label;chain;domain;n_serotypes_reproducible;rho_residue_median;n_serotypes_signed_reproducible;is_catalytic_triad,NS2B:-29,new,
Part B - cross-serotype conservation,Exactly-three-serotype reproducible position,median_rho=0.677946; signed_reproducible_serotypes=2; catalytic=False,,,NS2B,unassigned,/Users/medhasharma/Downloads/forcodexstride/strideouts/outputs_s5/position_conservation.parquet,canon_label;chain;domain;n_serotypes_reproducible;rho_residue_median;n_serotypes_signed_reproducible;is_catalytic_triad,NS2B:-45,new,
Part B - cross-serotype conservation,Exactly-three-serotype reproducible position,median_rho=0.739701; signed_reproducible_serotypes=2; catalytic=False,,,NS2B,unassigned,/Users/medhasharma/Downloads/forcodexstride/strideouts/outputs_s5/position_conservation.parquet,canon_label;chain;domain;n_serotypes_reproducible;rho_residue_median;n_serotypes_signed_reproducible;is_catalytic_triad,NS2B:-46,new,
Part B - cross-serotype conservation,Exactly-three-serotype reproducible position,median_rho=0.670167; signed_reproducible_serotypes=0; catalytic=False,,,NS3,120s Loop,/Users/medhasharma/Downloads/forcodexstride/strideouts/outputs_s5/position_conservation.parquet,canon_label;chain;domain;n_serotypes_reproducible;rho_residue_median;n_serotypes_signed_reproducible;is_catalytic_triad,NS3:118,new,
Part B - cross-serotype conservation,Exactly-three-serotype reproducible position,median_rho=0.617868; signed_reproducible_serotypes=1; catalytic=False,,,NS3,120s Loop,/Users/medhasharma/Downloads/forcodexstride/strideouts/outputs_s5/position_conservation.parquet,canon_label;chain;domain;n_serotypes_reproducible;rho_residue_median;n_serotypes_signed_reproducible;is_catalytic_triad,NS3:119,new,
Part B - cross-serotype conservation,Exactly-three-serotype reproducible position,median_rho=0.550034; signed_reproducible_serotypes=0; catalytic=False,,,NS3,C-Terminal Tail,/Users/medhasharma/Downloads/forcodexstride/strideouts/outputs_s5/position_conservation.parquet,canon_label;chain;domain;n_serotypes_reproducible;rho_residue_median;n_serotypes_signed_reproducible;is_catalytic_triad,NS3:160,new,
Part B - cross-serotype conservation,Exactly-three-serotype reproducible position,median_rho=0.597703; signed_reproducible_serotypes=2; catalytic=False,,,NS3,C-Terminal Tail,/Users/medhasharma/Downloads/forcodexstride/strideouts/outputs_s5/position_conservation.parquet,canon_label;chain;domain;n_serotypes_reproducible;rho_residue_median;n_serotypes_signed_reproducible;is_catalytic_triad,NS3:163,new,
Part B - cross-serotype conservation,Exactly-three-serotype reproducible position,median_rho=0.609509; signed_reproducible_serotypes=1; catalytic=False,,,NS3,C-Terminal Tail,/Users/medhasharma/Downloads/forcodexstride/strideouts/outputs_s5/position_conservation.parquet,canon_label;chain;domain;n_serotypes_reproducible;rho_residue_median;n_serotypes_signed_reproducible;is_catalytic_triad,NS3:164,new,
Part B - cross-serotype conservation,Exactly-three-serotype reproducible position,median_rho=0.534469; signed_reproducible_serotypes=1; catalytic=False,,,NS3,C-Terminal Tail,/Users/medhasharma/Downloads/forcodexstride/strideouts/outputs_s5/position_conservation.parquet,canon_label;chain;domain;n_serotypes_reproducible;rho_residue_median;n_serotypes_signed_reproducible;is_catalytic_triad,NS3:171,new,
Part B - cross-serotype conservation,Exactly-three-serotype reproducible position,median_rho=0.606022; signed_reproducible_serotypes=2; catalytic=False,,,NS3,C-Terminal Tail,/Users/medhasharma/Downloads/forcodexstride/strideouts/outputs_s5/position_conservation.parquet,canon_label;chain;domain;n_serotypes_reproducible;rho_residue_median;n_serotypes_signed_reproducible;is_catalytic_triad,NS3:180,new,
Part B - cross-serotype conservation,Exactly-three-serotype reproducible position,median_rho=0.650675; signed_reproducible_serotypes=2; catalytic=True,,,NS3,Catalytic Triad,/Users/medhasharma/Downloads/forcodexstride/strideouts/outputs_s5/position_conservation.parquet,canon_label;chain;domain;n_serotypes_reproducible;rho_residue_median;n_serotypes_signed_reproducible;is_catalytic_triad,NS3:51,new,
Part B - cross-serotype conservation,Exactly-three-serotype reproducible position,median_rho=0.636818; signed_reproducible_serotypes=3; catalytic=False,,,NS3,Gly45 Turn,/Users/medhasharma/Downloads/forcodexstride/strideouts/outputs_s5/position_conservation.parquet,canon_label;chain;domain;n_serotypes_reproducible;rho_residue_median;n_serotypes_signed_reproducible;is_catalytic_triad,NS3:50,new,
Part B - cross-serotype conservation,Exactly-three-serotype reproducible position,median_rho=0.538721; signed_reproducible_serotypes=2; catalytic=False,,,NS3,Oxyanion Loop,/Users/medhasharma/Downloads/forcodexstride/strideouts/outputs_s5/position_conservation.parquet,canon_label;chain;domain;n_serotypes_reproducible;rho_residue_median;n_serotypes_signed_reproducible;is_catalytic_triad,NS3:157,new,
Part B - cross-serotype conservation,Exactly-three-serotype reproducible position,median_rho=0.646542; signed_reproducible_serotypes=0; catalytic=False,,,NS3,unassigned,/Users/medhasharma/Downloads/forcodexstride/strideouts/outputs_s5/position_conservation.parquet,canon_label;chain;domain;n_serotypes_reproducible;rho_residue_median;n_serotypes_signed_reproducible;is_catalytic_triad,NS3:10,new,
Part B - cross-serotype conservation,Exactly-three-serotype reproducible position,median_rho=0.558650; signed_reproducible_serotypes=2; catalytic=False,,,NS3,unassigned,/Users/medhasharma/Downloads/forcodexstride/strideouts/outputs_s5/position_conservation.parquet,canon_label;chain;domain;n_serotypes_reproducible;rho_residue_median;n_serotypes_signed_reproducible;is_catalytic_triad,NS3:101,new,
Part B - cross-serotype conservation,Exactly-three-serotype reproducible position,median_rho=0.739441; signed_reproducible_serotypes=2; catalytic=False,,,NS3,unassigned,/Users/medhasharma/Downloads/forcodexstride/strideouts/outputs_s5/position_conservation.parquet,canon_label;chain;domain;n_serotypes_reproducible;rho_residue_median;n_serotypes_signed_reproducible;is_catalytic_triad,NS3:107,new,
Part B - cross-serotype conservation,Exactly-three-serotype reproducible position,median_rho=0.643940; signed_reproducible_serotypes=1; catalytic=False,,,NS3,unassigned,/Users/medhasharma/Downloads/forcodexstride/strideouts/outputs_s5/position_conservation.parquet,canon_label;chain;domain;n_serotypes_reproducible;rho_residue_median;n_serotypes_signed_reproducible;is_catalytic_triad,NS3:109,new,
Part B - cross-serotype conservation,Exactly-three-serotype reproducible position,median_rho=0.574207; signed_reproducible_serotypes=2; catalytic=False,,,NS3,unassigned,/Users/medhasharma/Downloads/forcodexstride/strideouts/outputs_s5/position_conservation.parquet,canon_label;chain;domain;n_serotypes_reproducible;rho_residue_median;n_serotypes_signed_reproducible;is_catalytic_triad,NS3:111,new,
Part B - cross-serotype conservation,Exactly-three-serotype reproducible position,median_rho=0.594548; signed_reproducible_serotypes=3; catalytic=False,,,NS3,unassigned,/Users/medhasharma/Downloads/forcodexstride/strideouts/outputs_s5/position_conservation.parquet,canon_label;chain;domain;n_serotypes_reproducible;rho_residue_median;n_serotypes_signed_reproducible;is_catalytic_triad,NS3:112,new,
Part B - cross-serotype conservation,Exactly-three-serotype reproducible position,median_rho=0.739398; signed_reproducible_serotypes=2; catalytic=False,,,NS3,unassigned,/Users/medhasharma/Downloads/forcodexstride/strideouts/outputs_s5/position_conservation.parquet,canon_label;chain;domain;n_serotypes_reproducible;rho_residue_median;n_serotypes_signed_reproducible;is_catalytic_triad,NS3:113,new,
Part B - cross-serotype conservation,Exactly-three-serotype reproducible position,median_rho=0.507690; signed_reproducible_serotypes=2; catalytic=False,,,NS3,unassigned,/Users/medhasharma/Downloads/forcodexstride/strideouts/outputs_s5/position_conservation.parquet,canon_label;chain;domain;n_serotypes_reproducible;rho_residue_median;n_serotypes_signed_reproducible;is_catalytic_triad,NS3:127,new,
Part B - cross-serotype conservation,Exactly-three-serotype reproducible position,median_rho=0.657049; signed_reproducible_serotypes=2; catalytic=False,,,NS3,unassigned,/Users/medhasharma/Downloads/forcodexstride/strideouts/outputs_s5/position_conservation.parquet,canon_label;chain;domain;n_serotypes_reproducible;rho_residue_median;n_serotypes_signed_reproducible;is_catalytic_triad,NS3:128,new,
Part B - cross-serotype conservation,Exactly-three-serotype reproducible position,median_rho=0.639743; signed_reproducible_serotypes=2; catalytic=False,,,NS3,unassigned,/Users/medhasharma/Downloads/forcodexstride/strideouts/outputs_s5/position_conservation.parquet,canon_label;chain;domain;n_serotypes_reproducible;rho_residue_median;n_serotypes_signed_reproducible;is_catalytic_triad,NS3:129,new,
Part B - cross-serotype conservation,Exactly-three-serotype reproducible position,median_rho=0.648875; signed_reproducible_serotypes=0; catalytic=False,,,NS3,unassigned,/Users/medhasharma/Downloads/forcodexstride/strideouts/outputs_s5/position_conservation.parquet,canon_label;chain;domain;n_serotypes_reproducible;rho_residue_median;n_serotypes_signed_reproducible;is_catalytic_triad,NS3:13,new,
Part B - cross-serotype conservation,Exactly-three-serotype reproducible position,median_rho=0.625073; signed_reproducible_serotypes=1; catalytic=False,,,NS3,unassigned,/Users/medhasharma/Downloads/forcodexstride/strideouts/outputs_s5/position_conservation.parquet,canon_label;chain;domain;n_serotypes_reproducible;rho_residue_median;n_serotypes_signed_reproducible;is_catalytic_triad,NS3:132,new,
Part B - cross-serotype conservation,Exactly-three-serotype reproducible position,median_rho=0.644369; signed_reproducible_serotypes=1; catalytic=False,,,NS3,unassigned,/Users/medhasharma/Downloads/forcodexstride/strideouts/outputs_s5/position_conservation.parquet,canon_label;chain;domain;n_serotypes_reproducible;rho_residue_median;n_serotypes_signed_reproducible;is_catalytic_triad,NS3:136,new,
Part B - cross-serotype conservation,Exactly-three-serotype reproducible position,median_rho=0.625276; signed_reproducible_serotypes=1; catalytic=False,,,NS3,unassigned,/Users/medhasharma/Downloads/forcodexstride/strideouts/outputs_s5/position_conservation.parquet,canon_label;chain;domain;n_serotypes_reproducible;rho_residue_median;n_serotypes_signed_reproducible;is_catalytic_triad,NS3:139,new,
Part B - cross-serotype conservation,Exactly-three-serotype reproducible position,median_rho=0.670302; signed_reproducible_serotypes=1; catalytic=False,,,NS3,unassigned,/Users/medhasharma/Downloads/forcodexstride/strideouts/outputs_s5/position_conservation.parquet,canon_label;chain;domain;n_serotypes_reproducible;rho_residue_median;n_serotypes_signed_reproducible;is_catalytic_triad,NS3:140,new,
Part B - cross-serotype conservation,Exactly-three-serotype reproducible position,median_rho=0.644689; signed_reproducible_serotypes=1; catalytic=False,,,NS3,unassigned,/Users/medhasharma/Downloads/forcodexstride/strideouts/outputs_s5/position_conservation.parquet,canon_label;chain;domain;n_serotypes_reproducible;rho_residue_median;n_serotypes_signed_reproducible;is_catalytic_triad,NS3:143,new,
Part B - cross-serotype conservation,Exactly-three-serotype reproducible position,median_rho=0.571834; signed_reproducible_serotypes=0; catalytic=False,,,NS3,unassigned,/Users/medhasharma/Downloads/forcodexstride/strideouts/outputs_s5/position_conservation.parquet,canon_label;chain;domain;n_serotypes_reproducible;rho_residue_median;n_serotypes_signed_reproducible;is_catalytic_triad,NS3:16,new,
Part B - cross-serotype conservation,Exactly-three-serotype reproducible position,median_rho=0.621783; signed_reproducible_serotypes=1; catalytic=False,,,NS3,unassigned,/Users/medhasharma/Downloads/forcodexstride/strideouts/outputs_s5/position_conservation.parquet,canon_label;chain;domain;n_serotypes_reproducible;rho_residue_median;n_serotypes_signed_reproducible;is_catalytic_triad,NS3:18,new,
Part B - cross-serotype conservation,Exactly-three-serotype reproducible position,median_rho=0.592580; signed_reproducible_serotypes=0; catalytic=False,,,NS3,unassigned,/Users/medhasharma/Downloads/forcodexstride/strideouts/outputs_s5/position_conservation.parquet,canon_label;chain;domain;n_serotypes_reproducible;rho_residue_median;n_serotypes_signed_reproducible;is_catalytic_triad,NS3:19,new,
Part B - cross-serotype conservation,Exactly-three-serotype reproducible position,median_rho=0.702283; signed_reproducible_serotypes=1; catalytic=False,,,NS3,unassigned,/Users/medhasharma/Downloads/forcodexstride/strideouts/outputs_s5/position_conservation.parquet,canon_label;chain;domain;n_serotypes_reproducible;rho_residue_median;n_serotypes_signed_reproducible;is_catalytic_triad,NS3:3,new,
Part B - cross-serotype conservation,Exactly-three-serotype reproducible position,median_rho=0.615121; signed_reproducible_serotypes=3; catalytic=False,,,NS3,unassigned,/Users/medhasharma/Downloads/forcodexstride/strideouts/outputs_s5/position_conservation.parquet,canon_label;chain;domain;n_serotypes_reproducible;rho_residue_median;n_serotypes_signed_reproducible;is_catalytic_triad,NS3:30,new,
Part B - cross-serotype conservation,Exactly-three-serotype reproducible position,median_rho=0.683069; signed_reproducible_serotypes=2; catalytic=False,,,NS3,unassigned,/Users/medhasharma/Downloads/forcodexstride/strideouts/outputs_s5/position_conservation.parquet,canon_label;chain;domain;n_serotypes_reproducible;rho_residue_median;n_serotypes_signed_reproducible;is_catalytic_triad,NS3:32,new,
Part B - cross-serotype conservation,Exactly-three-serotype reproducible position,median_rho=0.757450; signed_reproducible_serotypes=1; catalytic=False,,,NS3,unassigned,/Users/medhasharma/Downloads/forcodexstride/strideouts/outputs_s5/position_conservation.parquet,canon_label;chain;domain;n_serotypes_reproducible;rho_residue_median;n_serotypes_signed_reproducible;is_catalytic_triad,NS3:38,new,
Part B - cross-serotype conservation,Exactly-three-serotype reproducible position,median_rho=0.532478; signed_reproducible_serotypes=3; catalytic=False,,,NS3,unassigned,/Users/medhasharma/Downloads/forcodexstride/strideouts/outputs_s5/position_conservation.parquet,canon_label;chain;domain;n_serotypes_reproducible;rho_residue_median;n_serotypes_signed_reproducible;is_catalytic_triad,NS3:40,new,
Part B - cross-serotype conservation,Exactly-three-serotype reproducible position,median_rho=0.751288; signed_reproducible_serotypes=2; catalytic=False,,,NS3,unassigned,/Users/medhasharma/Downloads/forcodexstride/strideouts/outputs_s5/position_conservation.parquet,canon_label;chain;domain;n_serotypes_reproducible;rho_residue_median;n_serotypes_signed_reproducible;is_catalytic_triad,NS3:42,new,
Part B - cross-serotype conservation,Exactly-three-serotype reproducible position,median_rho=0.519333; signed_reproducible_serotypes=1; catalytic=False,,,NS3,unassigned,/Users/medhasharma/Downloads/forcodexstride/strideouts/outputs_s5/position_conservation.parquet,canon_label;chain;domain;n_serotypes_reproducible;rho_residue_median;n_serotypes_signed_reproducible;is_catalytic_triad,NS3:56,new,
Part B - cross-serotype conservation,Exactly-three-serotype reproducible position,median_rho=0.622630; signed_reproducible_serotypes=2; catalytic=False,,,NS3,unassigned,/Users/medhasharma/Downloads/forcodexstride/strideouts/outputs_s5/position_conservation.parquet,canon_label;chain;domain;n_serotypes_reproducible;rho_residue_median;n_serotypes_signed_reproducible;is_catalytic_triad,NS3:6,new,
Part B - cross-serotype conservation,Exactly-three-serotype reproducible position,median_rho=0.547424; signed_reproducible_serotypes=2; catalytic=False,,,NS3,unassigned,/Users/medhasharma/Downloads/forcodexstride/strideouts/outputs_s5/position_conservation.parquet,canon_label;chain;domain;n_serotypes_reproducible;rho_residue_median;n_serotypes_signed_reproducible;is_catalytic_triad,NS3:62,new,
Part B - cross-serotype conservation,Exactly-three-serotype reproducible position,median_rho=0.586171; signed_reproducible_serotypes=2; catalytic=False,,,NS3,unassigned,/Users/medhasharma/Downloads/forcodexstride/strideouts/outputs_s5/position_conservation.parquet,canon_label;chain;domain;n_serotypes_reproducible;rho_residue_median;n_serotypes_signed_reproducible;is_catalytic_triad,NS3:64,new,
Part B - cross-serotype conservation,Exactly-three-serotype reproducible position,median_rho=0.616116; signed_reproducible_serotypes=2; catalytic=False,,,NS3,unassigned,/Users/medhasharma/Downloads/forcodexstride/strideouts/outputs_s5/position_conservation.parquet,canon_label;chain;domain;n_serotypes_reproducible;rho_residue_median;n_serotypes_signed_reproducible;is_catalytic_triad,NS3:68,new,
Part B - cross-serotype conservation,Exactly-three-serotype reproducible position,median_rho=0.666677; signed_reproducible_serotypes=0; catalytic=False,,,NS3,unassigned,/Users/medhasharma/Downloads/forcodexstride/strideouts/outputs_s5/position_conservation.parquet,canon_label;chain;domain;n_serotypes_reproducible;rho_residue_median;n_serotypes_signed_reproducible;is_catalytic_triad,NS3:7,new,
Part B - cross-serotype conservation,Exactly-three-serotype reproducible position,median_rho=0.659961; signed_reproducible_serotypes=1; catalytic=False,,,NS3,unassigned,/Users/medhasharma/Downloads/forcodexstride/strideouts/outputs_s5/position_conservation.parquet,canon_label;chain;domain;n_serotypes_reproducible;rho_residue_median;n_serotypes_signed_reproducible;is_catalytic_triad,NS3:71,new,
Part B - cross-serotype conservation,Exactly-three-serotype reproducible position,median_rho=0.590348; signed_reproducible_serotypes=2; catalytic=False,,,NS3,unassigned,/Users/medhasharma/Downloads/forcodexstride/strideouts/outputs_s5/position_conservation.parquet,canon_label;chain;domain;n_serotypes_reproducible;rho_residue_median;n_serotypes_signed_reproducible;is_catalytic_triad,NS3:73,new,
Part B - cross-serotype conservation,Exactly-three-serotype reproducible position,median_rho=0.714278; signed_reproducible_serotypes=0; catalytic=False,,,NS3,unassigned,/Users/medhasharma/Downloads/forcodexstride/strideouts/outputs_s5/position_conservation.parquet,canon_label;chain;domain;n_serotypes_reproducible;rho_residue_median;n_serotypes_signed_reproducible;is_catalytic_triad,NS3:76,new,
Part B - cross-serotype conservation,Exactly-three-serotype reproducible position,median_rho=0.550981; signed_reproducible_serotypes=3; catalytic=False,,,NS3,unassigned,/Users/medhasharma/Downloads/forcodexstride/strideouts/outputs_s5/position_conservation.parquet,canon_label;chain;domain;n_serotypes_reproducible;rho_residue_median;n_serotypes_signed_reproducible;is_catalytic_triad,NS3:78,new,
Part B - cross-serotype conservation,Exactly-three-serotype reproducible position,median_rho=0.630624; signed_reproducible_serotypes=3; catalytic=False,,,NS3,unassigned,/Users/medhasharma/Downloads/forcodexstride/strideouts/outputs_s5/position_conservation.parquet,canon_label;chain;domain;n_serotypes_reproducible;rho_residue_median;n_serotypes_signed_reproducible;is_catalytic_triad,NS3:81,new,
Part B - cross-serotype conservation,Exactly-three-serotype reproducible position,median_rho=0.715054; signed_reproducible_serotypes=2; catalytic=False,,,NS3,unassigned,/Users/medhasharma/Downloads/forcodexstride/strideouts/outputs_s5/position_conservation.parquet,canon_label;chain;domain;n_serotypes_reproducible;rho_residue_median;n_serotypes_signed_reproducible;is_catalytic_triad,NS3:86,new,
Part B - cross-serotype conservation,Exactly-three-serotype reproducible position,median_rho=0.582667; signed_reproducible_serotypes=1; catalytic=False,,,NS3,unassigned,/Users/medhasharma/Downloads/forcodexstride/strideouts/outputs_s5/position_conservation.parquet,canon_label;chain;domain;n_serotypes_reproducible;rho_residue_median;n_serotypes_signed_reproducible;is_catalytic_triad,NS3:87,new,
Part B - cross-serotype conservation,Exactly-three-serotype reproducible position,median_rho=0.692927; signed_reproducible_serotypes=1; catalytic=False,,,NS3,unassigned,/Users/medhasharma/Downloads/forcodexstride/strideouts/outputs_s5/position_conservation.parquet,canon_label;chain;domain;n_serotypes_reproducible;rho_residue_median;n_serotypes_signed_reproducible;is_catalytic_triad,NS3:95,new,
Part B - cross-serotype conservation,Exactly-three-serotype reproducible position,median_rho=0.617831; signed_reproducible_serotypes=1; catalytic=False,,,NS3,unassigned,/Users/medhasharma/Downloads/forcodexstride/strideouts/outputs_s5/position_conservation.parquet,canon_label;chain;domain;n_serotypes_reproducible;rho_residue_median;n_serotypes_signed_reproducible;is_catalytic_triad,NS3:96,new,
Part B - cross-serotype conservation,Exactly-three-serotype reproducible position,median_rho=0.524890; signed_reproducible_serotypes=1; catalytic=False,,,NS3,unassigned,/Users/medhasharma/Downloads/forcodexstride/strideouts/outputs_s5/position_conservation.parquet,canon_label;chain;domain;n_serotypes_reproducible;rho_residue_median;n_serotypes_signed_reproducible;is_catalytic_triad,NS3:97,new,
Part B - variance budget,Per-serotype frac_tau2 summary,n=8; median=0.923248; min=0.361399; max=0.983147,,DENV1,,,/Users/medhasharma/Downloads/forcodexstride/strideouts/outputs_s4/variance_budget.parquet,serotype;frac_tau2,,new,
Part B - variance budget,Per-serotype frac_tau2 summary,n=8; median=0.947318; min=0.772937; max=0.994411,,DENV2,,,/Users/medhasharma/Downloads/forcodexstride/strideouts/outputs_s4/variance_budget.parquet,serotype;frac_tau2,,new,
Part B - variance budget,Per-serotype frac_tau2 summary,n=8; median=0.924837; min=0.424890; max=0.947273,,DENV3,,,/Users/medhasharma/Downloads/forcodexstride/strideouts/outputs_s4/variance_budget.parquet,serotype;frac_tau2,,new,
Part B - variance budget,Per-serotype frac_tau2 summary,n=8; median=0.908154; min=0.357927; max=0.988345,,DENV4,,,/Users/medhasharma/Downloads/forcodexstride/strideouts/outputs_s4/variance_budget.parquet,serotype;frac_tau2,,new,
Part B - variance budget,Most replicate-dominated regions rank 1,frac_tau2=0.994411; frac_sigma2=0.005589; regime=replicate_dominated,,DENV2,NS3,C-Terminal Tail,/Users/medhasharma/Downloads/forcodexstride/strideouts/outputs_s4/variance_budget.parquet,serotype;chain;domain;frac_tau2;frac_sigma2;variance_regime,,new,
Part B - variance budget,Most replicate-dominated regions rank 2,frac_tau2=0.988345; frac_sigma2=0.011655; regime=replicate_dominated,,DENV4,NS2B,unassigned,/Users/medhasharma/Downloads/forcodexstride/strideouts/outputs_s4/variance_budget.parquet,serotype;chain;domain;frac_tau2;frac_sigma2;variance_regime,,new,
Part B - variance budget,Most replicate-dominated regions rank 3,frac_tau2=0.985340; frac_sigma2=0.014660; regime=replicate_dominated,,DENV4,NS3,unassigned,/Users/medhasharma/Downloads/forcodexstride/strideouts/outputs_s4/variance_budget.parquet,serotype;chain;domain;frac_tau2;frac_sigma2;variance_regime,,new,
Part B - variance budget,Most replicate-dominated regions rank 4,frac_tau2=0.983147; frac_sigma2=0.016853; regime=replicate_dominated,,DENV1,NS2B,unassigned,/Users/medhasharma/Downloads/forcodexstride/strideouts/outputs_s4/variance_budget.parquet,serotype;chain;domain;frac_tau2;frac_sigma2;variance_regime,,new,
Part B - variance budget,Most replicate-dominated regions rank 5,frac_tau2=0.981036; frac_sigma2=0.018964; regime=replicate_dominated,,DENV2,NS3,Oxyanion Loop,/Users/medhasharma/Downloads/forcodexstride/strideouts/outputs_s4/variance_budget.parquet,serotype;chain;domain;frac_tau2;frac_sigma2;variance_regime,,new,
Part B - variance budget,Most replicate-dominated regions rank 6,frac_tau2=0.980131; frac_sigma2=0.019869; regime=replicate_dominated,,DENV1,NS3,Oxyanion Loop,/Users/medhasharma/Downloads/forcodexstride/strideouts/outputs_s4/variance_budget.parquet,serotype;chain;domain;frac_tau2;frac_sigma2;variance_regime,,new,
Part B - variance budget,Most replicate-dominated regions rank 7,frac_tau2=0.971005; frac_sigma2=0.028995; regime=replicate_dominated,,DENV4,NS3,C-Terminal Tail,/Users/medhasharma/Downloads/forcodexstride/strideouts/outputs_s4/variance_budget.parquet,serotype;chain;domain;frac_tau2;frac_sigma2;variance_regime,,new,
Part B - variance budget,Most replicate-dominated regions rank 8,frac_tau2=0.967589; frac_sigma2=0.032411; regime=replicate_dominated,,DENV2,NS3,Catalytic Triad,/Users/medhasharma/Downloads/forcodexstride/strideouts/outputs_s4/variance_budget.parquet,serotype;chain;domain;frac_tau2;frac_sigma2;variance_regime,,new,
Part B - variance budget,Most replicate-dominated regions rank 9,frac_tau2=0.961444; frac_sigma2=0.038556; regime=replicate_dominated,,DENV2,NS3,unassigned,/Users/medhasharma/Downloads/forcodexstride/strideouts/outputs_s4/variance_budget.parquet,serotype;chain;domain;frac_tau2;frac_sigma2;variance_regime,,new,
Part B - variance budget,Most replicate-dominated regions rank 10,frac_tau2=0.959011; frac_sigma2=0.040989; regime=replicate_dominated,,DENV1,NS3,Catalytic Triad,/Users/medhasharma/Downloads/forcodexstride/strideouts/outputs_s4/variance_budget.parquet,serotype;chain;domain;frac_tau2;frac_sigma2;variance_regime,,new,
Part B - variance budget,Most sampling-dominated regions rank 1,frac_tau2=0.357927; frac_sigma2=0.642073; regime=sampling_dominated,,DENV4,NS3,B2b-C2 Hairpin,/Users/medhasharma/Downloads/forcodexstride/strideouts/outputs_s4/variance_budget.parquet,serotype;chain;domain;frac_tau2;frac_sigma2;variance_regime,,new,
Part B - variance budget,Most sampling-dominated regions rank 2,frac_tau2=0.361399; frac_sigma2=0.638601; regime=sampling_dominated,,DENV1,NS3,120s Loop,/Users/medhasharma/Downloads/forcodexstride/strideouts/outputs_s4/variance_budget.parquet,serotype;chain;domain;frac_tau2;frac_sigma2;variance_regime,,new,
Part B - variance budget,Most sampling-dominated regions rank 3,frac_tau2=0.424890; frac_sigma2=0.575110; regime=balanced,,DENV3,NS3,Gly45 Turn,/Users/medhasharma/Downloads/forcodexstride/strideouts/outputs_s4/variance_budget.parquet,serotype;chain;domain;frac_tau2;frac_sigma2;variance_regime,,new,
Part B - variance budget,Most sampling-dominated regions rank 4,frac_tau2=0.594397; frac_sigma2=0.405603; regime=balanced,,DENV1,NS3,Gly45 Turn,/Users/medhasharma/Downloads/forcodexstride/strideouts/outputs_s4/variance_budget.parquet,serotype;chain;domain;frac_tau2;frac_sigma2;variance_regime,,new,
Part B - variance budget,Most sampling-dominated regions rank 5,frac_tau2=0.702581; frac_sigma2=0.297419; regime=replicate_dominated,,DENV4,NS3,Oxyanion Loop,/Users/medhasharma/Downloads/forcodexstride/strideouts/outputs_s4/variance_budget.parquet,serotype;chain;domain;frac_tau2;frac_sigma2;variance_regime,,new,
Part B - variance budget,Most sampling-dominated regions rank 6,frac_tau2=0.772937; frac_sigma2=0.227063; regime=replicate_dominated,,DENV2,NS3,Gly45 Turn,/Users/medhasharma/Downloads/forcodexstride/strideouts/outputs_s4/variance_budget.parquet,serotype;chain;domain;frac_tau2;frac_sigma2;variance_regime,,new,
Part B - variance budget,Most sampling-dominated regions rank 7,frac_tau2=0.805044; frac_sigma2=0.194956; regime=replicate_dominated,,DENV3,NS3,B2b-C2 Hairpin,/Users/medhasharma/Downloads/forcodexstride/strideouts/outputs_s4/variance_budget.parquet,serotype;chain;domain;frac_tau2;frac_sigma2;variance_regime,,new,
Part B - variance budget,Most sampling-dominated regions rank 8,frac_tau2=0.830854; frac_sigma2=0.169146; regime=replicate_dominated,,DENV2,NS3,120s Loop,/Users/medhasharma/Downloads/forcodexstride/strideouts/outputs_s4/variance_budget.parquet,serotype;chain;domain;frac_tau2;frac_sigma2;variance_regime,,new,
Part B - variance budget,Most sampling-dominated regions rank 9,frac_tau2=0.834047; frac_sigma2=0.165953; regime=replicate_dominated,,DENV4,NS3,Catalytic Triad,/Users/medhasharma/Downloads/forcodexstride/strideouts/outputs_s4/variance_budget.parquet,serotype;chain;domain;frac_tau2;frac_sigma2;variance_regime,,new,
Part B - variance budget,Most sampling-dominated regions rank 10,frac_tau2=0.848696; frac_sigma2=0.151304; regime=replicate_dominated,,DENV1,NS3,B2b-C2 Hairpin,/Users/medhasharma/Downloads/forcodexstride/strideouts/outputs_s4/variance_budget.parquet,serotype;chain;domain;frac_tau2;frac_sigma2;variance_regime,,new,
Part B - figure/table provenance,"F1 figure: Reproducibility landscape (rho vs residue, per serotype)",rows=924; sources=residue_landscape.parquet; files=F1_reproducibility_landscape.svg;F1_reproducibility_landscape.csv;F1_reproducibility_landscape.parquet,,,,,/Users/medhasharma/Downloads/forcodexstride/strideouts/outputs_s7/artifact_manifest.parquet,artifact_id;kind;title;sources;files;n_rows,,new,
Part B - figure/table provenance,F2 figure: Achieved-resolution census (gated scale per serotype),rows=11; sources=resolution_census.parquet; files=F2_resolution_census.svg;F2_resolution_census.csv;F2_resolution_census.parquet,,,,,/Users/medhasharma/Downloads/forcodexstride/strideouts/outputs_s7/artifact_manifest.parquet,artifact_id;kind;title;sources;files;n_rows,,new,
Part B - figure/table provenance,F3 figure: Domain x serotype rho heatmap,rows=32; sources=domain_serotype_matrix.parquet; files=F3_domain_serotype_rho_heatmap.svg;F3_domain_serotype_rho_heatmap.csv;F3_domain_serotype_rho_heatmap.parquet,,,,,/Users/medhasharma/Downloads/forcodexstride/strideouts/outputs_s7/artifact_manifest.parquet,artifact_id;kind;title;sources;files;n_rows,,new,
Part B - figure/table provenance,"F4 figure: Signed-effect forest (beta_signed +/- CI, coherent mechanisms)",rows=302; sources=significance_screen.parquet; files=F4_signed_effect_forest.svg;F4_signed_effect_forest.csv;F4_signed_effect_forest.parquet,,,,,/Users/medhasharma/Downloads/forcodexstride/strideouts/outputs_s7/artifact_manifest.parquet,artifact_id;kind;title;sources;files;n_rows,,new,
Part B - figure/table provenance,F5 figure: Cross-serotype conservation over shared positions,rows=248; sources=position_conservation.parquet; files=F5_cross_serotype_conservation.svg;F5_cross_serotype_conservation.csv;F5_cross_serotype_conservation.parquet,,,,,/Users/medhasharma/Downloads/forcodexstride/strideouts/outputs_s7/artifact_manifest.parquet,artifact_id;kind;title;sources;files;n_rows,,new,
Part B - figure/table provenance,F6 figure: Variance composition (tau^2 vs sigma-bar^2) by domain,rows=32; sources=variance_budget.parquet; files=F6_variance_composition.svg;F6_variance_composition.csv;F6_variance_composition.parquet,,,,,/Users/medhasharma/Downloads/forcodexstride/strideouts/outputs_s7/artifact_manifest.parquet,artifact_id;kind;title;sources;files;n_rows,,new,
Part B - figure/table provenance,F7 figure: rho-vs-scale trajectories for catalytic regions,rows=308; sources=scale_curve.parquet; files=F7_rho_vs_scale_catalytic.svg;F7_rho_vs_scale_catalytic.csv;F7_rho_vs_scale_catalytic.parquet,,,,,/Users/medhasharma/Downloads/forcodexstride/strideouts/outputs_s7/artifact_manifest.parquet,artifact_id;kind;title;sources;files;n_rows,,new,
Part B - figure/table provenance,F8 figure: Coherence vs rho (directional cleanliness of domains),rows=32; sources=domain_reproducibility.parquet; files=F8_coherence_vs_rho.svg;F8_coherence_vs_rho.csv;F8_coherence_vs_rho.parquet,,,,,/Users/medhasharma/Downloads/forcodexstride/strideouts/outputs_s7/artifact_manifest.parquet,artifact_id;kind;title;sources;files;n_rows,,new,
Part B - figure/table provenance,T1 table: Per-serotype summary,rows=4; sources=serotype_summary.parquet; files=T1_per_serotype_summary.csv;T1_per_serotype_summary.parquet;T1_per_serotype_summary.md,,,,,/Users/medhasharma/Downloads/forcodexstride/strideouts/outputs_s7/artifact_manifest.parquet,artifact_id;kind;title;sources;files;n_rows,,new,
Part B - figure/table provenance,"T2 table: Domain-level rho and signed effect, per serotype",rows=32; sources=domain_reproducibility.parquet;domain_effect_summary.parquet; files=T2_domain_rho_signed_effect.csv;T2_domain_rho_signed_effect.parquet;T2_domain_rho_signed_effect.md,,,,,/Users/medhasharma/Downloads/forcodexstride/strideouts/outputs_s7/artifact_manifest.parquet,artifact_id;kind;title;sources;files;n_rows,,new,
Part B - figure/table provenance,T3 table: Catalytic Triad / Oxyanion Loop cross-serotype behaviour,rows=8; sources=domain_serotype_matrix.parquet; files=T3_catalytic_cross_serotype.csv;T3_catalytic_cross_serotype.parquet;T3_catalytic_cross_serotype.md,,,,,/Users/medhasharma/Downloads/forcodexstride/strideouts/outputs_s7/artifact_manifest.parquet,artifact_id;kind;title;sources;files;n_rows,,new,
Part B - figure/table provenance,T4 table: Top reproducible signed positions shared across serotypes,rows=25; sources=position_conservation.parquet; files=T4_top_shared_signed_positions.csv;T4_top_shared_signed_positions.parquet;T4_top_shared_signed_positions.md,,,,,/Users/medhasharma/Downloads/forcodexstride/strideouts/outputs_s7/artifact_manifest.parquet,artifact_id;kind;title;sources;files;n_rows,,new,
Part B - figure/table provenance,T5 table: Variance-component budget per domain,rows=32; sources=variance_budget.parquet; files=T5_variance_component_budget.csv;T5_variance_component_budget.parquet;T5_variance_component_budget.md,,,,,/Users/medhasharma/Downloads/forcodexstride/strideouts/outputs_s7/artifact_manifest.parquet,artifact_id;kind;title;sources;files;n_rows,,new,
